kai,stn,lat,lon,se,year,mon,day,time,We,Wc,Ta,Tr,Lay,Dep,Tem,pH,DO,Sal,Dak,SS,COD,T-N,T-P,NO2-N,NO3-N,NH4-N,PO4-P,Chl.a,Phaeo,Lay,dep,Tem,pH,DO,Sal,Dak,SS,COD,T-N,T-P,NO2-N,NO3-N,NH4-N,PO4-P,Chl.a,Phaeo
KIS,WY01,341312,1350504,WT,1997,2,21,12:50,CL,3703,9,5,U,2,8.9,8.3,8.1,32.54,0.8,-,-,-,-,-,-,-,-,-,-,B,32,12.1,8.2,7.2,33.41,3.5,-,-,-,-,-,-,-,-,-,-
KIS,WY02,341312,1345950,WT,1997,2,21,12:20,CL,3703,9,6,U,2,9.2,8.3,8.1,32.31,0.7,2,1.6,-,-,-,-,-,-,-,-,B,50,12.3,8.2,7.1,33.54,4.5,1,0.9,-,-,-,-,-,-,-,-
KIS,WY03,341312,1345436,WT,1997,2,21,12:00,CL,3703,9,5,U,2,9.7,8.3,7.7,32.48,1.1,-,-,-,-,-,-,-,-,-,-,B,50,12.1,8.2,7.3,33.76,3.4,-,-,-,-,-,-,-,-,-,-
KIS,WY05,340852,1350504,WT,1997,2,21,11:30,UC,3703,8,6,U,2,9.8,8.3,7.9,32.68,0.7,3,0.8,-,-,-,-,-,-,-,-,B,41,12.2,8.2,7.3,33.84,2.6,3,0.8,-,-,-,-,-,-,-,-
KIS,WY06,340852,1345950,WT,1997,2,21,11:05,UC,4105,8,9,U,2,9.8,8.3,7.8,32.78,0.3,-,-,-,-,-,-,-,-,-,-,B,50,12.3,8.2,7.3,33.92,1.1,-,-,-,-,-,-,-,-,-,-
KIS,WY07,340852,1345436,WT,1997,2,21,10:40,UC,4105,8,9,U,2,9.7,8.3,7.9,32.38,0.2,5,0.9,1.19,0.028,0.01,0.14,0.18,0.006,-,-,B,50,12.1,8.2,7.3,33.64,0.7,3,0.9,0.79,0.018,0.01,0.14,0.09,0.004,-,-
KIS,WY08,340852,1344922,WT,1997,2,21,10:20,UC,4105,8,8,U,2,9.6,8.3,7.9,32.41,0.4,-,-,-,-,-,-,-,-,-,-,B,50,12.1,8.2,7.3,33.52,0.8,-,-,-,-,-,-,-,-,-,-
KIS,WY09,340852,1344408,WT,1997,2,21,9:40,UC,4105,8,8,U,2,9.7,8.3,7.7,32.41,0.3,2,0.9,-,-,-,-,-,-,-,-,B,20,12.3,8.2,7.4,33.72,2.6,4,0.5,-,-,-,-,-,-,-,-
KIS,WY10,340852,1343854,WT,1997,2,21,9:10,UC,4105,7,7,U,2,9.8,8.3,7.8,32.71,0.4,-,-,-,-,-,-,-,-,-,-,B,14,12.2,8.2,7.3,33.61,1.8,-,-,-,-,-,-,-,-,-,-
KIS,WY11,340432,1345950,WT,1997,2,20,14:20,CL,4105,8,8,U,2,10.2,8.3,7.7,32.86,0.9,3,1,-,-,-,-,-,-,-,-,B,50,12.1,8.2,7.1,33.87,1.2,2,0.9,-,-,-,-,-,-,-,-
KIS,WY12,340432,1345436,WT,1997,2,20,14:50,CL,4105,8,9,U,2,10.3,8.3,7.7,32.96,0.7,-,-,-,-,-,-,-,-,-,-,B,50,11.5,8.2,7.3,33.25,0.4,-,-,-,-,-,-,-,-,-,-
KIS,WY13,340432,1344922,WT,1997,2,20,15:20,CL,4105,8,8,U,2,10.8,8.3,7.6,33.15,0.7,2,0.9,-,-,-,-,-,-,-,-,B,50,11.5,8.2,7.3,33.64,5,4,0.9,-,-,-,-,-,-,-,-
KIS,WY14,340432,1344408,WT,1997,2,20,15:40,CL,3703,8,7,U,2,9.7,8.3,8.2,32.92,0.8,-,-,-,-,-,-,-,-,-,-,B,35,9.4,8.2,8.6,33.64,2.5,-,-,-,-,-,-,-,-,-,-
KIS,WY15,340432,1343854,WT,1997,2,20,16:10,CL,3703,8,5,U,2,9,8.3,9.1,32.51,1.4,5,1.6,0.85,0.073,<0.005,0.05,0.05,0.005,-,-,B,18,9.2,8.2,8.6,32.88,1.9,3,1.3,0.76,0.017,<0.005,0.1,0.07,0.007,-,-
KIS,WY16,340012,1350504,WT,1997,2,20,11:50,CL,4105,8,10,U,2,11.7,8.2,7.2,33.59,3.5,3,1.2,-,-,-,-,-,-,-,-,B,31,12,8.2,6.9,33.86,5.4,5,0.9,-,-,-,-,-,-,-,-
KIS,WY17,340012,1345950,WT,1997,2,20,11:20,CL,4105,8,9,U,2,10.5,8.2,7.6,33.09,14.8,-,-,-,-,-,-,-,-,-,-,B,50,12.2,8.1,6.9,33.95,0.9,-,-,-,-,-,-,-,-,-,-
KIS,WY18,340012,1345436,WT,1997,2,20,10:50,CL,4105,8,10,U,2,10.9,8.2,7.6,33.34,5.2,4,1.1,-,-,-,-,-,-,-,-,B,50,12.5,8.1,6.3,34.01,0.7,2,1.2,-,-,-,-,-,-,-,-
KIS,WY19,340012,1344922,WT,1997,2,20,10:25,CL,4105,8,12,U,2,10.7,8.4,7.4,33.38,0.5,-,-,-,-,-,-,-,-,-,-,B,50,12.3,8.2,5.6,34.37,4,-,-,-,-,-,-,-,-,-,-
KIS,WY20,340012,1344408,WT,1997,2,20,10:00,CL,3703,8,6,U,2,9.9,8.2,7.8,33.04,1.6,1,1,-,-,-,-,-,-,-,-,B,40,10.6,8.1,9.2,33.16,5.9,4,1,-,-,-,-,-,-,-,-
KIS,WY21,335552,1345950,WT,1997,2,19,11:45,CL,4105,5,9,U,2,11.7,8.3,7.2,33.62,0.7,2,0.9,0.68,0.019,0.01,0.01,0.1,0.005,-,-,B,50,12.8,8.2,6.5,34.21,1.6,2,0.7,0.74,0.019,0.12,0.13,0.04,0.007,-,-
KIS,WY22,335552,1345436,WT,1997,2,19,13:10,CL,4105,5,9,U,2,11.9,8.4,7.3,33.71,0.3,-,-,-,-,-,-,-,-,-,-,B,50,12.7,8.2,6.3,34.31,1.8,-,-,-,-,-,-,-,-,-,-
KIS,WY23,335552,1344922,WT,1997,2,19,13:40,CL,4105,5,9,U,2,11.8,8.3,7.3,33.54,0.5,3,0.9,-,-,-,-,-,-,-,-,B,50,12.6,8.2,6.4,34.33,2.6,3,0.9,-,-,-,-,-,-,-,-
KIS,WY24,335552,1344408,WT,1997,2,19,15:20,CL,4105,5,8,U,2,11.7,8.4,7.4,33.64,0.3,-,-,-,-,-,-,-,-,-,-,B,41,12.8,8.2,6.5,34.26,4.9,-,-,-,-,-,-,-,-,-,-
KIS,WY26,335132,1345950,WT,1997,2,19,12:10,CL,4105,5,8,U,2,11.8,8.3,7.2,33.64,0.5,-,-,-,-,-,-,-,-,-,-,B,50,12.8,8.2,6.6,34.22,4.3,-,-,-,-,-,-,-,-,-,-
KIS,WY27,335132,1345436,WT,1997,2,19,12:40,CL,4105,5,9,U,2,11.8,8.3,7.2,33.71,0.6,2,1.3,-,-,-,-,-,-,-,-,B,50,12.9,8.2,6.5,34.3,4.5,2,1.3,-,-,-,-,-,-,-,-
KIS,WY28,335132,1344922,WT,1997,2,19,14:10,CL,4105,5,8,U,2,11.7,8.3,7.3,33.64,0.3,-,-,-,-,-,-,-,-,-,-,B,50,12.8,8.2,6.6,34.58,1.6,-,-,-,-,-,-,-,-,-,-
KIS,WY35,340012,1343854,WT,1997,2,20,9:40,CL,3505,8,3.5,U,2,8.5,8.3,9,32.19,3.5,-,-,-,-,-,-,-,-,-,-,B,23,9.5,8.2,8.3,32.96,2.1,-,-,-,-,-,-,-,-,-,-
KIS,WY36,335132,1344408,WT,1997,2,19,14:50,CL,4105,5,7,U,2,12,8.3,7.3,33.8,0.3,3,1.7,-,-,-,-,-,-,-,-,B,34,12.9,8.2,6.5,34.52,2.8,3,1.3,-,-,-,-,-,-,-,-
OSK,KB01,343642,1351532,WT,1997,2,17,9:20,CL,3106,7,2.5,U,2,8.3,8.4,9.3,30.67,3.5,6,3,-,-,-,-,-,-,-,-,B,17,9,8.2,9,32.44,5.9,4,1.5,-,-,-,-,-,-,-,-
OSK,KB02,343222,1351532,WT,1997,2,17,9:45,CL,3106,7,2.5,U,2,8.7,8.4,9.1,30.82,3.3,-,-,-,-,-,-,-,-,-,-,B,17,9.1,8.2,8.3,32.48,4.3,-,-,-,-,-,-,-,-,-,-
OSK,KB03,342902,1351532,WT,1997,2,17,10:35,CL,3505,7,4,U,2,8.9,8.4,8.7,32.01,2.4,8,2.7,1.46,0.017,0.02,0.13,0.28,<0.003,-,-,B,17,9.1,8.2,8.3,32.28,6.9,6,2,1.12,0.021,0.01,0.1,0.14,<0.003,-,-
OSK,KB05,343642,1351018,WT,1997,2,18,8:15,CL,3505,5,3.5,U,2,8.3,8.3,9,31.56,2.8,-,-,-,-,-,-,-,-,-,-,B,12,8.9,8.1,8.3,32.52,2.4,-,-,-,-,-,-,-,-,-,-
OSK,KB06,343222,1351018,WT,1997,2,18,9:30,CL,3106,6,3,U,2,8.4,8.4,9.7,31.23,2.5,4,3.6,-,-,-,-,-,-,-,-,B,37,8.8,8.3,8.4,32.57,1.9,2,1.7,-,-,-,-,-,-,-,-
OSK,KB07,342902,1351018,WT,1997,2,18,10:00,CL,3702,5,4.5,U,2,8.7,8.4,8.6,32.13,1.9,-,-,-,-,-,-,-,-,-,-,B,25,9.1,8.2,8,32.45,3.6,-,-,-,-,-,-,-,-,-,-
OSK,KB08,342342,1351018,WT,1997,2,24,9:15,CL,3703,7,4,U,2,8.3,8.3,8,31.74,2.1,2,1.7,-,-,-,-,-,-,-,-,B,15,8.6,8.1,7.8,32.36,5.9,3,1.5,-,-,-,-,-,-,-,-
OSK,KB09,343642,1350504,WT,1997,2,18,8:40,CL,3703,6,5,U,2,8.9,8.3,8.1,32.5,2.4,3,1.4,-,-,-,-,-,-,-,-,B,25,8.9,8.2,8.2,32.51,2.8,3,1.6,-,-,-,-,-,-,-,-
OSK,KB10,343222,1350504,WT,1997,2,18,9:00,CL,3703,5,5,U,2,8.4,8.4,8.5,32.1,1.6,-,-,-,-,-,-,-,-,-,-,B,42,8.9,8.2,8.1,32.54,5.1,-,-,-,-,-,-,-,-,-,-
OSK,KB11,342802,1350504,WT,1997,2,18,10:25,CL,3703,7,5,U,2,8.9,8.4,8.2,32.41,2,3,1.9,-,-,-,-,-,-,-,-,B,39,9.8,8.2,8.1,32.67,2.6,2,1.4,-,-,-,-,-,-,-,-
OSK,KB12,342342,1350504,WT,1997,2,24,9:40,CL,3703,8,5,U,2,8.5,8.4,8,32.14,2,-,-,-,-,-,-,-,-,-,-,B,35,9.7,8.2,7.3,32.91,-,-,-,-,-,-,-,-,-,-,-
OSK,KB13,341922,1350504,WT,1997,2,24,10:10,CL,3703,8,5,U,2,9.2,8.3,7.8,32.44,1.6,3,2.2,-,-,-,-,-,-,-,-,B,50,10,8.2,7.1,33.03,3.5,3,1.5,-,-,-,-,-,-,-,-
OSK,KB14,342802,1345950,WT,1997,2,18,10:55,CL,3703,6,4,U,2,9,8.3,8.3,32.31,1.6,-,-,-,-,-,-,-,-,-,-,B,50,9.2,8.1,7.9,32.56,7.3,-,-,-,-,-,-,-,-,-,-
OSK,KB15,342342,1345950,WT,1997,2,24,13:50,CL,3504,10,6,U,2,9.3,8.2,7.7,32.67,1.9,3,1.6,0.99,0.009,0.01,0.11,0.09,0.005,-,-,B,42,9.2,8.1,7.6,32.71,-,10,1.5,1.16,0.013,0.01,0.11,0.08,0.007,-,-
OSK,KB16,341922,1345950,WT,1997,2,24,10:30,CL,3703,7,3,U,2,10,8.3,7.3,33,6,-,-,-,-,-,-,-,-,-,-,B,50,10,8.2,7.2,33.03,7.1,-,-,-,-,-,-,-,-,-,-
OSK,KB54,344012,1352046,WT,1997,2,17,8:40,CL,3106,6,2,U,2,-,-,-,-,3.8,3,3.2,1.17,0.03,0.03,0.24,0.23,0.004,-,-,B,11,-,-,-,-,9.5,6,2.2,1.22,0.025,0.01,0.13,0.27,0.008,-,-
OSK,KB55,343642,1352046,WT,1997,2,17,9:00,CL,3106,7,2,U,2,-,-,-,-,4.3,-,-,-,-,-,-,-,-,-,-,B,14,-,-,-,-,10.2,-,-,-,-,-,-,-,-,-,-
OSK,KB56,343222,1352046,WT,1997,2,17,10:05,CL,3106,7,2,U,2,9,8.4,9.1,30.85,3.4,3,3,-,-,-,-,-,-,-,-,B,13,9.2,8.2,8.5,32.44,4.7,2,2,-,-,-,-,-,-,-,-
OSK,KB57,344012,1351532,WT,1997,2,17,8:15,CL,3106,5,2,U,2,8.3,8.3,8.3,31.11,4.4,-,-,-,-,-,-,-,-,-,-,B,14,9.2,8.1,7.5,32.37,11.1,-,-,-,-,-,-,-,-,-,-
OSK,KB58,342342,1345436,WT,1997,2,24,11:20,CL,3802,7,5,U,2,8.8,8.3,7.8,32.57,2.4,-,-,-,-,-,-,-,-,-,-,B,32,9,8.2,7.7,32.66,6.6,-,-,-,-,-,-,-,-,-,-
OSK,KB59,341922,1345556,WT,1997,2,24,10:56,CL,3504,7,4,U,2,9.9,8.3,7.3,32.97,2.6,3,1.4,-,-,-,-,-,-,-,-,B,35,9.9,8.3,7.5,32.97,4,2,1.2,-,-,-,-,-,-,-,-
HAR,KB17,343642,1345436,WT,1997,2,25,9:00,CL,3703,8,5,U,2,8.3,8.3,8.5,32.68,3.1,2,2.2,-,-,-,-,-,-,-,-,B,39,8.1,8.2,8.8,32.97,6.9,5,2.3,-,-,-,-,-,-,-,-
HAR,KB18,343642,1344922,WT,1997,2,25,9:25,CL,3702,9,3,U,2,8.1,8.2,8.9,32.66,4.5,-,-,-,-,-,-,-,-,-,-,B,29,8.1,8.2,9.1,32.67,5.2,-,-,-,-,-,-,-,-,-,-
HAR,KB19,343222,1344922,WT,1997,2,28,10:40,CL,3703,10,4,U,2,8.5,8.3,8.4,32.69,1.6,4,1.5,-,-,-,-,-,-,-,-,B,31,8.3,8.2,8.2,32.7,5.4,5,1.6,-,-,-,-,-,-,-,-
HAR,KB20,344452,1344408,WT,1997,2,27,16:15,CL,3505,10,3,U,2,8.7,8.4,9.8,32.62,2.9,4,3.2,-,-,-,-,-,-,-,-,B,10,8.1,8.2,8.9,32.81,4.5,5,2.8,-,-,-,-,-,-,-,-
HAR,KB21,344102,1344408,WT,1997,2,28,8:55,CL,3703,8,4,U,2,8.1,8.2,8.5,32.88,1.9,-,-,-,-,-,-,-,-,-,-,B,20,8,8.2,8.8,32.91,1.8,-,-,-,-,-,-,-,-,-,-
HAR,KB22,343642,1344408,WT,1997,2,25,9:45,CL,3703,8,4,U,2,8.2,8.3,8.7,32.8,2.1,3,2.5,-,-,-,-,-,-,-,-,B,25,8.2,8.2,8.4,32.89,3.2,3,2.8,-,-,-,-,-,-,-,-
HAR,KB23,343222,1344408,WT,1997,2,28,10:10,CL,3703,10,5,U,2,8.3,8.2,8.3,32.72,2.1,-,-,-,-,-,-,-,-,-,-,B,27,8.2,8.2,8.1,32.8,12.7,-,-,-,-,-,-,-,-,-,-
HAR,KB24,342802,1344408,WT,1997,3,3,10:30,UC,3703,8,5,U,2,8.3,8.3,8.2,32.76,1.1,2,1.7,-,-,-,-,-,-,-,-,B,31,8.4,8.2,8.5,32.96,2.9,4,1.5,-,-,-,-,-,-,-,-
HAR,KB25,342342,1344408,WT,1997,3,3,14:30,CL,3702,9,3,U,2,8.8,8.3,8.3,32.9,2.7,-,-,-,-,-,-,-,-,-,-,B,24,8.4,8.2,7.8,32.94,16.5,-,-,-,-,-,-,-,-,-,-
HAR,KB26,344452,1343854,WT,1997,2,27,15:50,CL,3505,10,3,U,2,8.7,8.3,9.6,32.65,2.8,-,-,-,-,-,-,-,-,-,-,B,12,8,8.2,9.1,32.86,4.6,-,-,-,-,-,-,-,-,-,-
HAR,KB27,344102,1343854,WT,1997,2,28,8:25,CL,3703,8,6,U,2,8,8.2,8.3,32.94,1.5,3,2.3,-,-,-,-,-,-,-,-,B,23,8,8.1,8.3,32.96,1.6,3,3,-,-,-,-,-,-,-,-
HAR,KB28,343642,1343854,WT,1997,2,28,9:20,CL,4105,8,8,U,2,8.3,8.2,8.3,32.83,0.7,-,-,-,-,-,-,-,-,-,-,B,32,8,8.2,8.1,33.01,2.3,-,-,-,-,-,-,-,-,-,-
HAR,KB29,343222,1343854,WT,1997,2,28,9:45,CL,3703,9,6,U,2,8.4,8.3,8.2,32.86,1.2,6,2.8,0.51,0.013,<0.005,<0.005,0.03,0.003,-,-,B,25,8.2,8.2,7.8,33.02,7.5,7,2.9,0.37,0.026,<0.005,0.01,0.03,0.003,-,-
HAR,KB30,342802,1343854,WT,1997,3,3,10:55,UC,3703,8,5,U,2,8.4,8.3,8.4,32.95,2.4,-,-,-,-,-,-,-,-,-,-,B,28,8.3,8.1,8.7,33.09,15.8,-,-,-,-,-,-,-,-,-,-
HAR,KB31,342342,1343854,WT,1997,3,3,11:15,UC,3703,8,4,U,2,8.6,8.3,8.1,32.97,1.1,3,1.3,-,-,-,-,-,-,-,-,B,30,8.5,8.2,8,33.04,5.9,4,1.3,-,-,-,-,-,-,-,-
HAR,KB32,341922,1343854,WT,1997,3,3,11:45,UC,3703,7,4,U,2,8.5,8.3,8.2,32.89,2.2,-,-,-,-,-,-,-,-,-,-,B,32,8.4,8.2,7.8,33.01,4.6,-,-,-,-,-,-,-,-,-,-
HAR,KB33,344452,1343340,WT,1997,2,27,15:30,CL,3505,10,4,U,2,8,8.4,9.8,32.5,1.9,5,3.7,0.6,0.003,<0.005,<0.005,0.09,<0.003,-,-,B,15,7.6,8.2,8.8,32.95,11.7,14,3.6,0.51,0.008,<0.005,<0.005,0.01,<0.003,-,-
HAR,KB34,344102,1343340,WT,1997,2,27,15:10,CL,3703,10,5,U,2,8.4,8.2,8.9,32.94,2,-,-,-,-,-,-,-,-,-,-,B,27,8,8.2,8.7,32.98,2.9,-,-,-,-,-,-,-,-,-,-
HAR,KB35,343642,1343340,WT,1997,2,27,9:50,CL,4105,9,9,U,2,8.2,8.2,8.5,33.02,0.8,3,1.6,-,-,-,-,-,-,-,-,B,36,8,8.2,8.2,33.03,4.6,6,2,-,-,-,-,-,-,-,-
HAR,KB36,343222,1343340,WT,1997,2,27,9:20,CL,4105,8,9,U,2,8.4,8.3,8.6,32.93,0.2,-,-,-,-,-,-,-,-,-,-,B,38,8.2,8.2,8.4,33.01,5,-,-,-,-,-,-,-,-,-,-
HAR,KB37,342802,1343340,WT,1997,2,26,10:40,UC,3703,10,5,U,2,8.7,8.3,8.5,32.91,0.6,1,1.4,-,-,-,-,-,-,-,-,B,36,8.1,8.2,9,33.12,3.8,4,1.7,-,-,-,-,-,-,-,-
HAR,KB38,342342,1343340,WT,1997,2,26,11:05,UC,3703,10,6,U,2,8.8,8.3,8.5,32.91,0.9,-,-,-,-,-,-,-,-,-,-,B,37,8.1,8.2,8.9,33.08,1.4,-,-,-,-,-,-,-,-,-,-
HAR,KB39,341922,1343340,WT,1997,2,26,11:30,UC,4105,10,8,U,2,8.6,8.3,8.7,32.86,0.7,4,1.5,-,-,-,-,-,-,-,-,B,32,8.4,8.2,8.1,32.91,1.5,2,1.8,-,-,-,-,-,-,-,-
HAR,KB40,341502,1343340,WT,1997,2,26,11:55,UC,3703,10,6,U,2,8.4,8.2,8.3,32.92,1.4,-,-,-,-,-,-,-,-,-,-,B,28,8.4,8.2,8.3,32.94,1.7,-,-,-,-,-,-,-,-,-,-
HAR,KB41,344422,1342826,WT,1997,2,27,14:25,CL,3305,10,3,U,2,8.1,8.3,9.9,32.48,2.6,-,-,-,-,-,-,-,-,-,-,B,9,7.9,8.2,9.7,32.63,5.5,-,-,-,-,-,-,-,-,-,-
HAR,KB42,344102,1342826,WT,1997,2,27,14:45,CL,3504,10,3,U,2,8.4,8.2,8.7,32.98,2.2,6,1.6,-,-,-,-,-,-,-,-,B,29,7.9,8.2,8.6,32.99,11.3,5,1.7,-,-,-,-,-,-,-,-
HAR,KB43,343712,1342826,WT,1997,2,27,10:15,CL,3502,9,6,U,2,8,8.3,8.5,33,2.2,-,-,-,-,-,-,-,-,-,-,B,35,8,8.2,8.5,33.02,2.5,-,-,-,-,-,-,-,-,-,-
HAR,KB44,343222,1342826,WT,1997,2,27,9:00,CL,4105,7,8,U,2,8.3,8.3,8.6,32.96,0.7,2,1.5,-,-,-,-,-,-,-,-,B,38,8.2,8.3,6.1,33.1,6.1,5,1.2,-,-,-,-,-,-,-,-
HAR,KB45,342802,1342826,WT,1997,2,26,15:10,UC,3805,10,7,U,2,8.8,8.3,8.8,32.91,0.6,-,-,-,-,-,-,-,-,-,-,B,38,8.3,8.1,7.8,32.99,8.8,-,-,-,-,-,-,-,-,-,-
HAR,KB46,342342,1342826,WT,1997,2,26,14:40,UC,3703,10,5,U,2,8.4,8.3,8.7,32.99,0.8,2,1.6,-,-,-,-,-,-,-,-,B,38,8.3,8.2,8,33.23,3.5,3,1.6,-,-,-,-,-,-,-,-
HAR,KB47,341922,1342826,WT,1997,2,26,14:20,UC,3703,10,7,U,2,8.7,8.2,8.5,31.97,0.9,-,-,-,-,-,-,-,-,-,-,B,33,8.1,8.1,8.1,33.14,4,-,-,-,-,-,-,-,-,-,-
HAR,KB48,341502,1342826,WT,1997,2,26,13:50,UC,3505,10,4,U,2,8.5,8.2,8.3,32.92,1.2,4,1.5,0.38,0.008,<0.005,0.01,0.06,0.003,-,-,B,30,8,8.2,9.1,33.25,2.6,6,1.3,0.39,0.013,<0.005,<0.005,0.01,0.003,-,-
HAR,KB49,344102,1342312,WT,1997,2,27,11:10,CL,3502,10,4,U,2,7.4,8.4,9.6,32.04,2.1,-,-,-,-,-,-,-,-,-,-,B,12,7.4,8.2,9.8,32.86,6.9,-,-,-,-,-,-,-,-,-,-
HAR,KB50,343642,1342312,WT,1997,2,27,10:40,CL,3502,9,4,U,2,8.3,8.3,8.4,33.12,2.2,3,1.1,-,-,-,-,-,-,-,-,B,31,8.2,8.2,8.3,33.13,6.9,6,1.2,-,-,-,-,-,-,-,-
HAR,KB51,343222,1342312,WT,1997,2,27,8:30,CL,3703,8,5,U,2,8.2,8.2,8.3,-,2.3,-,-,-,-,-,-,-,-,-,-,B,26,8.2,8.2,8.8,-,2.7,-,-,-,-,-,-,-,-,-,-
HAR,KB52,342802,1342312,WT,1997,2,26,15:30,UC,3703,10,5,U,2,8.6,8.2,8.7,32.95,1,2,1.6,-,-,-,-,-,-,-,-,B,31,8.3,8.2,8.2,33.18,2.5,2,1.2,-,-,-,-,-,-,-,-
HAR,KB60,344102,1344922,WT,1997,2,25,10:15,CL,3304,9,3,U,2,7.9,8.3,9.2,32.65,4.4,4,3.3,-,-,-,-,-,-,-,-,B,13,7.8,8.2,9.1,32.68,8.3,6,3.2,-,-,-,-,-,-,-,-
BS1,SD01,342445,1332539,WT,1997,2,14,13:23,FI,3106,8.2,4,U,2,8.73,7.9,9.5,33.04,2.6,-,-,-,-,-,-,-,-,-,-,B,5,8.46,7.8,9.4,33.13,2.9,-,-,-,-,-,-,-,-,-,-
BS1,SD02,342552,1332951,WT,1997,2,14,11:13,FI,3304,7.7,4,U,2,8.91,-,8.8,33.38,3.1,6,1.4,-,-,-,-,-,-,-,-,B,13,8.82,-,9,33.38,4,7,1.5,-,-,-,-,-,-,-,-
BS1,SD04,342552,1333505,WT,1997,2,14,10:37,FI,3304,6,4.5,U,2,8.53,-,8.8,33.35,3.1,-,-,-,-,-,-,-,-,-,-,B,9,8.56,-,10,33.32,7.1,-,-,-,-,-,-,-,-,-,-
BS1,SD07,343012,1333955,WT,1997,2,14,9:59,FI,3106,9.7,2.5,U,2,7.97,-,9.2,32.43,6.2,-,-,-,-,-,-,-,-,-,-,B,4,7.88,-,9.1,32.5,6.6,-,-,-,-,-,-,-,-,-,-
BS1,SD08,342552,1334019,WT,1997,2,14,9:28,FI,3304,4.9,3.7,U,2,8.53,-,8.8,33.33,4.2,8,1.5,0.22,0.024,-,0.009,<0.01,0.01,-,-,B,4,8.51,-,9.1,33.31,4.7,8,1.5,0.2,0.023,-,-,<0.01,0.008,-,-
BS1,SD11,342552,1334532,WT,1997,2,14,8:58,FI,3304,7.1,4,U,2,8.51,-,8.5,33.27,-,-,-,-,-,-,-,-,-,-,-,B,9,8.51,-,8.7,33.29,-,-,-,-,-,-,-,-,-,-,-
BS2,SD18,343432,1340628,WT,1997,2,18,14:51,FI,3304,6.9,4.5,U,2,8.53,7.9,8,32.53,4,-,-,-,-,-,-,-,-,-,-,B,18,8.56,7.8,7.8,33.14,4.1,-,-,-,-,-,-,-,-,-,-
BS2,SD21,343852,1341142,WT,1997,2,18,13:39,RA,3304,5.5,4.2,U,2,7.75,-,8.8,32.88,3.2,-,-,-,-,-,-,-,-,-,-,B,4,7.75,-,8.8,32.89,3.3,-,-,-,-,-,-,-,-,-,-
BS2,SD22,343432,1341142,WT,1997,2,18,14:15,CL,3304,6.4,3.5,U,2,8.38,7.9,8.2,33.04,5.2,7,1.3,0.18,0.024,-,0.009,<0.01,0.009,-,-,B,19,8.37,7.8,13.2,33.05,5.7,7,1.9,0.2,0.027,-,0.006,0.02,0.011,-,-
BS2,SD23,342552,1341142,WT,1997,2,18,9:45,FI,3304,8.8,7.9,U,2,8.51,8,8.8,33.19,1.3,6,1.5,0.26,0.022,-,0.007,0.01,0.011,-,-,B,16,8.48,7.8,12.1,33.21,1.7,5,1.9,0.23,0.023,-,<0.005,0.01,0.009,-,-
BS2,SD24,343852,1341656,WT,1997,2,18,13:04,CL,3304,7.2,5,U,2,7.56,7.9,9,32.82,2.6,6,1.7,-,-,-,-,-,-,-,-,B,8,7.57,7.8,9.1,32.8,2.8,5,1.7,-,-,-,-,-,-,-,-
BS2,SD25,343432,1341656,WT,1997,2,18,11:21,FI,3304,9.6,6,U,2,8.07,8,8.9,32.98,2.4,-,-,-,-,-,-,-,-,-,-,B,26,8.3,7.8,10.6,33.09,3.4,-,-,-,-,-,-,-,-,-,-
BS1,SD48,341712,1331923,WT,1997,2,14,14:25,FI,3304,8,4.2,U,2,10.44,-,7.8,-,2.7,6,1.2,0.24,0.024,0.005,0.045,<0.01,0.019,-,-,B,15,10,-,8.4,-,5.6,8,2,0.15,0.02,<0.005,0.046,-,0.017,-,-
HIU,SD54,341312,1332437,WT,1997,2,13,10:46,FI,3304,6.2,4.5,U,2,9.95,-,8.1,33.48,2.8,8,1.1,-,-,-,-,-,-,-,-,B,17,9.88,-,9.5,33.49,3.2,8,1.2,-,-,-,-,-,-,-,-
HIU,SD55,340852,1332437,WT,1997,2,13,11:16,CL,3505,4.9,4.5,U,2,10.14,-,7.8,33.5,3.1,-,-,-,-,-,-,-,-,-,-,B,14,10.03,-,7.8,33.5,3.4,-,-,-,-,-,-,-,-,-,-
HIU,SD58,341312,1332951,WT,1997,2,13,10:13,FI,3304,6.8,5.5,U,2,9.56,-,7.7,33.45,2.9,-,-,-,-,-,-,-,-,-,-,B,19,9.51,7.7,8.8,33.44,3.7,-,-,-,-,-,-,-,-,-,-
HIU,SD59,340852,1332951,WT,1997,2,13,13:28,FI,3304,7.8,4.5,U,2,9.88,-,8.1,33.48,2.6,3,1.1,-,-,-,-,-,-,-,-,B,16,9.7,7.7,8.3,33.48,3.6,6,1.1,-,-,-,-,-,-,-,-
HIU,SD62,341312,1333505,WT,1997,2,13,15:06,FI,3304,8.2,5,U,2,9.01,7.9,9.1,33.15,2.5,7,1.5,-,-,-,-,-,-,-,-,B,14,9.15,7.8,11.3,33.39,1.6,7,1.4,-,-,-,-,-,-,-,-
HIU,SD63,340852,1333505,WT,1997,2,13,14:37,FI,3304,7.2,4.9,U,2,8.83,8,9.3,33.24,2.4,-,-,-,-,-,-,-,-,-,-,B,20,8.66,7.8,13.2,33.26,5.6,-,-,-,-,-,-,-,-,-,-
HIU,SD64,340432,1333505,WT,1997,2,13,14:07,FI,3304,9.9,6.1,U,2,8.83,8,8.8,33.24,1.7,6,1.3,-,-,-,-,-,-,-,-,B,18,8.6,7.9,12,33.25,2.5,8,1.5,-,-,-,-,-,-,-,-
HIU,MY40,340432,1330341,WT,1997,2,26,8:50,RN,3805,10,5,U,2,10.6,8,6.8,-,2,2,2.4,0.3,0.014,<0.005,0.03,<0.01,<0.003,-,-,B,32,10.6,8,7,-,3.7,4,1.6,0.36,0.015,0.01,0.03,<0.01,<0.003,-,-
HIU,MY41,340852,1330855,WT,1997,2,26,12:07,RN,3505,10.5,5,U,2,10.4,8.1,6.9,33.55,2.8,5,1.3,-,-,-,-,-,-,-,-,B,20,10.3,8,9.4,33.58,4.4,4,2.2,-,-,-,-,-,-,-,-
HIU,MY42,340432,1330855,WT,1997,2,26,9:23,RN,3805,10,6,U,2,10.6,8.1,7.1,33.57,2,-,-,-,-,-,-,-,-,-,-,B,32,10.6,8,8.5,33.64,5,-,-,-,-,-,-,-,-,-,-
HIU,MY43,340012,1330855,WT,1997,2,25,9:24,UO,3505,9,3,U,2,10.5,7.9,7.6,33.65,3.8,3,2,-,-,-,-,-,-,-,-,B,10,10,7.9,7.6,33.65,5.9,4,1.3,-,-,-,-,-,-,-,-
HIU,MY45,340852,1331409,WT,1997,2,26,11:33,RN,3505,10,4.5,U,2,10.2,8.1,7.3,33.53,2.4,-,-,-,-,-,-,-,-,-,-,B,22,10.2,8,7,33.57,4.7,-,-,-,-,-,-,-,-,-,-
HIU,MY46,340432,1331409,WT,1997,2,26,9:55,RN,3505,10,7,U,2,10.1,8.1,7.3,33.54,1.2,2,1.2,-,-,-,-,-,-,-,-,B,28,10,8,11.9,33.58,-,4,1.8,-,-,-,-,-,-,-,-
HIU,MY47,340012,1331409,WT,1997,2,25,9:52,UO,3505,9,3,U,2,10.4,8,8.3,33.64,4,-,-,-,-,-,-,-,-,-,-,B,14,10.3,7.9,11.7,33.63,5.4,-,-,-,-,-,-,-,-,-,-
HIU,MY50,340852,1331923,WT,1997,2,26,11:00,RN,3505,10,4,U,2,10.2,8.1,6.9,33.5,3.4,2,0.8,0.28,0.016,<0.005,0.03,0.01,<0.003,-,-,B,17,10.2,8,7.6,33.57,5.4,3,1.2,0.3,0.018,<0.005,0.03,0.01,<0.003,-,-
HIU,MY51,340432,1331923,WT,1997,2,26,10:28,RN,3505,10,5,U,2,9.9,8.1,7.2,33.46,2.8,-,-,-,-,-,-,-,-,-,-,B,19,9.9,8.1,7.5,33.55,6.4,-,-,-,-,-,-,-,-,-,-
HIU,MY52,340022,1331923,WT,1997,2,25,10:20,UO,3505,8.5,3,U,2,9.5,8.1,8.6,33.41,4.6,4,2,-,-,-,-,-,-,-,-,B,16,9.4,8,10.8,33.41,8.5,5,2,-,-,-,-,-,-,-,-
HIU,MY56,340432,1332437,WT,1997,2,25,12:35,UO,3505,10,4,U,2,9.5,8.1,7.1,33.44,3.9,3,2,0.25,0.016,<0.005,0.01,0.01,<0.003,-,-,B,19,9.4,8,8.7,33.44,5.6,3,1.7,0.27,0.016,<0.005,0.01,0.01,<0.003,-,-
HIU,MY57,340012,1332437,WT,1997,2,25,10:54,UO,3505,8.5,3.5,U,2,9.4,8.1,8.9,33.44,2.8,-,-,-,-,-,-,-,-,-,-,B,14,9.4,8,10.6,33.45,4.8,-,-,-,-,-,-,-,-,-,-
HIU,MY60,340432,1332951,WT,1997,2,25,12:00,UO,3805,9.5,10,U,2,9.6,8.1,8.4,33.51,0.7,-,-,-,-,-,-,-,-,-,-,B,17,9.4,8.1,9.9,33.52,1.7,-,-,-,-,-,-,-,-,-,-
HIU,MY61,340012,1332951,WT,1997,2,25,11:30,UO,3703,8.5,6.5,U,2,9.4,8.1,8.9,33.43,1.3,1,1.7,-,-,-,-,-,-,-,-,B,16,8.9,8.1,8.5,33.41,4.7,3,2.4,-,-,-,-,-,-,-,-
AKI,HS12,341312,1323639,WT,1997,3,5,9:00,CL,3304,12,3.1,U,2,10.8,-,8,33.33,3.5,3,2,-,-,-,-,-,-,-,-,B,6,10.7,-,7.7,33.55,2.2,5,2,-,-,-,-,-,-,-,-
AKI,HS13,340852,1323341,WT,1997,3,5,14:50,CL,3802,13,3.4,U,2,10.9,8,8,33.52,1.9,2,2.1,0.13,0.021,<0.005,<0.005,0.01,0.008,-,-,B,10.7,10.7,8,8.2,33.54,2.1,2,2.1,0.13,0.018,<0.005,0.005,0.01,0.017,-,-
AKI,HS21,341312,1324923,WT,1997,3,5,13:20,CL,3802,12,6.7,U,2,10.6,8,7.4,33.64,2.1,3,1.6,0.14,0.036,0.006,0.038,0.01,0.03,-,-,B,18.6,10.6,7.9,7.2,33.62,1.8,2,1.3,0.12,0.022,0.007,0.035,0.01,0.019,-,-
AKI,HS22,341832,1325437,WT,1997,3,5,10:50,CL,3302,13,3.6,U,2,10.6,8,7.6,-,11.2,8,2,0.17,0.021,0.005,0.032,0.01,0.012,-,-,B,35.7,10.6,7.9,7.5,-,4.3,4,1.9,0.18,0.018,0.006,0.034,0.01,0.013,-,-
AKI,HS33,340012,1324409,WT,1997,2,24,10:55,OL,3505,8.5,6.5,U,2,-,-,-,-,3.1,2,1.2,0.27,0.013,0.01,0.02,0.01,<0.003,-,-,B,40,-,-,-,-,3.2,2,1.4,0.3,0.013,0.01,0.02,0.02,<0.003,-,-
HRS,HS01,341312,1321759,WT,1997,3,3,10:44,UC,3502,10.5,5.2,U,2,10.1,8.1,9.4,31.93,2.1,4,2.6,-,-,-,-,-,-,-,-,B,20.4,10.3,7.9,7.7,33.42,2.5,4,2.2,-,-,-,-,-,-,-,-
HRS,HS02,340852,1321759,WT,1997,3,3,10:06,UC,3702,10,6.8,U,2,10.4,8,8.4,33.28,1.5,-,-,-,-,-,-,-,-,-,-,B,28,10.5,7.9,7.7,33.52,3.6,-,-,-,-,-,-,-,-,-,-
HRS,HS03,340432,1321759,WT,1997,3,4,10:00,CL,3702,11,7.8,U,2,10.4,8,8.5,-,1.1,2,2.1,-,-,-,-,-,-,-,-,B,23.9,10.6,-,7.3,-,8.1,9,2.6,-,-,-,-,-,-,-,-
HRS,HS04,341732,1322313,WT,1997,3,3,13:13,UC,3304,11,4.2,U,2,10.3,8.2,9.7,32.18,1.9,2,2.5,-,-,-,-,-,-,-,-,B,22,10.5,7.9,7.8,33.44,2.5,4,1.7,-,-,-,-,-,-,-,-
HRS,HS05,341312,1322313,WT,1997,3,3,11:18,UC,3504,11,7.1,U,2,10.7,7.9,7.9,33.54,1.5,-,-,-,-,-,-,-,-,-,-,B,30,10.1,-,9.2,33.59,2.8,-,-,-,-,-,-,-,-,-,-
HRS,HS06,340852,1322313,WT,1997,3,3,9:28,UC,3502,9,7.2,U,2,10.6,8,8,33.58,1.5,2,1.6,-,-,-,-,-,-,-,-,B,35,10.6,7.9,8.1,33.61,2.3,2,1.4,-,-,-,-,-,-,-,-
HRS,HS07,340432,1322313,WT,1997,3,4,9:30,CL,3702,10,7.8,U,2,10.6,7.9,7.8,33.62,1.1,-,-,-,-,-,-,-,-,-,-,B,18.9,10.6,-,7.8,33.63,1.6,-,-,-,-,-,-,-,-,-,-
HRS,HS08,341732,1322827,WT,1997,3,3,13:50,UC,3304,13,6.3,U,2,10.3,8.1,9.1,32.74,1.4,-,-,-,-,-,-,-,-,-,-,B,17,10.4,7.9,8.1,33.26,2.2,-,-,-,-,-,-,-,-,-,-
HRS,HS09,341312,1322959,WT,1997,3,3,14:30,UC,3304,11,7.4,U,2,10.5,8.1,8.8,32.85,1.1,2,1.9,0.18,0.024,<0.005,<0.005,0.01,0.007,-,-,B,19,10.1,7.9,8.7,33.08,5,4,1.9,0.24,0.027,<0.005,0.006,0.03,0.016,-,-
HRS,HS10,340432,1322827,WT,1997,3,4,14:35,CL,3802,12,7.2,U,2,11,8,7.8,33.62,1.1,3,1.7,0.3,0.015,<0.005,0.008,0.01,0.008,-,-,B,26.1,10.7,7.9,7.7,33.66,2,3,1.5,0.24,0.017,<0.005,0.021,0.01,0.01,-,-
HRS,HS11,340012,1322827,WT,1997,3,4,14:00,CL,3302,11,5.7,U,2,10.7,8,7.7,33.57,1.2,-,-,-,-,-,-,-,-,-,-,B,31.4,10.7,7.9,8.8,33.63,1.6,-,-,-,-,-,-,-,-,-,-
HRS,HS24,340432,1321245,WT,1997,3,4,10:35,CL,3702,10,9,U,2,10.1,8,8.9,32.41,1.2,-,-,-,-,-,-,-,-,-,-,B,7,10.2,-,8.9,32.78,1.3,-,-,-,-,-,-,-,-,-,-
HRS,HS25,340012,1321759,WT,1997,3,4,11:25,CL,3702,12,9.6,U,2,10.3,-,8.2,33.29,0.7,-,-,-,-,-,-,-,-,-,-,B,22.9,10.5,-,8,33.46,7,-,-,-,-,-,-,-,-,-,-
HRS,HS26,340012,1322313,WT,1997,3,4,13:20,CL,3802,12,9.4,U,2,11.2,8.1,7.8,33.63,0.9,2,1.6,0.12,0.013,<0.005,0.017,0.01,0.011,-,-,B,27.8,10.7,8,8.5,33.61,1.5,2,1.6,0.12,0.018,<0.005,0.011,0.01,0.088,-,-
IY1,MY12,333832,1321245,WT,-,-,-,-,-,-,-,-,U,-,-,-,-,-,-,-,-,-,-,-,-,-,-,-,-,B,-,-,-,-,-,-,-,-,-,-,-,-,-,-,-,-
IY2,MY24,334712,1323855,WT,1997,2,18,12:05,OL,3505,8.5,8.5,U,2,10.9,8,7.2,33.75,1.2,1,1.7,0.37,0.019,0.01,0.03,<0.01,<0.003,-,-,B,14,10.9,8,7.8,33.78,1.5,2,2.4,0.45,0.022,0.01,0.03,0.01,<0.003,-,-
IY2,MY26,335132,1323341,WT,1997,2,18,9:36,OL,3505,7,11,U,2,11.2,8,7.7,33.82,0.5,1,1.3,0.34,0.019,0.01,0.03,<0.01,<0.003,-,-,B,50,11.3,7.9,7.9,33.83,0.8,2,2.4,0.67,0.027,0.01,0.03,0.02,<0.003,-,-
KIS,WY01,341312,1350504,SP,1997,5,23,14:20,UC,3703,21,5,U,2,19.7,8.3,6,33.02,0.8,-,-,-,-,-,-,-,-,-,-,B,32,18.3,8.2,7.8,34.31,3.1,-,-,-,-,-,-,-,-,-,-
KIS,WY02,341312,1345950,SP,1997,5,23,14:50,UC,3505,20,4,U,2,17,8.3,5.4,32.95,1.5,-,-,-,-,-,-,-,-,-,-,B,45,17,8.2,5.8,33.84,-,-,-,-,-,-,-,-,-,-,-
KIS,WY03,341312,1345436,SP,1997,5,23,15:10,UC,3703,20,5,U,2,16.8,8.3,5.5,32.97,1.9,-,-,-,-,-,-,-,-,-,-,B,50,16.8,8.2,6.3,33.2,1.6,-,-,-,-,-,-,-,-,-,-
KIS,WY05,340852,1350504,SP,1997,5,23,12:10,UC,3703,21,7,U,2,19.8,8.3,6.5,33.41,0.7,-,-,-,-,-,-,-,-,-,-,B,44,17.8,8.2,5.8,34.37,4.9,-,-,-,-,-,-,-,-,-,-
KIS,WY06,340852,1345950,SP,1997,5,23,11:45,CL,4102,22,11,U,2,19.4,8.3,6.5,33.4,0.4,-,-,-,-,-,-,-,-,-,-,B,50,16.9,8.2,5.7,34.44,1.6,-,-,-,-,-,-,-,-,-,-
KIS,WY07,340852,1345436,SP,1997,5,23,11:15,CL,4105,20,9,U,2,19.1,8.3,6.2,33.34,0.4,-,-,-,-,-,-,-,-,-,-,B,50,16.4,8.2,6.2,34.38,0.3,-,-,-,-,-,-,-,-,-,-
KIS,WY08,340852,1344922,SP,1997,5,23,10:50,CL,3703,20,5,U,2,17.3,8.3,6.7,32.8,1.3,-,-,-,-,-,-,-,-,-,-,B,48,16.6,8.2,6.4,33.4,1.1,-,-,-,-,-,-,-,-,-,-
KIS,WY09,340852,1344408,SP,1997,5,23,10:30,CL,3703,20,4,U,2,17.3,8.3,6.9,32.59,1.4,-,-,-,-,-,-,-,-,-,-,B,22,16.7,8.2,7.6,32.71,4.6,-,-,-,-,-,-,-,-,-,-
KIS,WY10,340852,1343854,SP,1997,5,23,10:00,CL,3505,20,4,U,2,16.7,8.3,7.1,32.4,1.6,-,-,-,-,-,-,-,-,-,-,B,12.4,16.5,8.3,8.4,32.56,1.6,-,-,-,-,-,-,-,-,-,-
KIS,WY11,340432,1345950,SP,1997,5,22,14:30,CL,4105,20,8,U,2,19.6,8.3,6.6,33.47,0.6,-,-,-,-,-,-,-,-,-,-,B,50,16.2,8.2,8.5,34.18,0.4,-,-,-,-,-,-,-,-,-,-
KIS,WY12,340432,1345436,SP,1997,5,22,14:50,CL,4105,18,10,U,2,19,8.3,6.7,33.23,0.4,-,-,-,-,-,-,-,-,-,-,B,50,16,8.2,6,34.06,0.7,-,-,-,-,-,-,-,-,-,-
KIS,WY13,340432,1344922,SP,1997,5,22,15:20,CL,4105,18,7,U,2,18.1,8.3,7,33.02,0.8,-,-,-,-,-,-,-,-,-,-,B,50,16,8.2,6.1,33.76,2.2,-,-,-,-,-,-,-,-,-,-
KIS,WY14,340432,1344408,SP,1997,5,22,15:50,CL,3703,19,5,U,2,16.9,8.3,7.1,32.62,1.2,-,-,-,-,-,-,-,-,-,-,B,32,16.2,8.2,7.5,32.74,2.4,-,-,-,-,-,-,-,-,-,-
KIS,WY15,340432,1343854,SP,1997,5,22,16:10,CL,3703,18,5,U,2,16.5,8.3,7,32.49,0.8,-,-,-,-,-,-,-,-,-,-,B,17,16.2,8.2,8.5,32.7,5.1,-,-,-,-,-,-,-,-,-,-
KIS,WY16,340012,1350504,SP,1997,5,22,10:30,CL,4102,19,13,U,2,19.5,8.3,6.4,33.64,0.4,-,-,-,-,-,-,-,-,-,-,B,44,18,8.2,7,34.53,1.6,-,-,-,-,-,-,-,-,-,-
KIS,WY17,340012,1345950,SP,1997,5,22,10:00,CL,4102,17,13,U,2,19.1,8.3,6.5,33.61,0.4,-,-,-,-,-,-,-,-,-,-,B,50,17.8,8.2,5.9,34.54,0.5,-,-,-,-,-,-,-,-,-,-
KIS,WY18,340012,1345436,SP,1997,5,22,9:30,CL,3703,17,7,U,2,17.6,8.3,7,32.96,0.7,-,-,-,-,-,-,-,-,-,-,B,50,16.9,8.2,6.2,34.28,1,-,-,-,-,-,-,-,-,-,-
KIS,WY19,340012,1344922,SP,1997,5,22,9:10,CL,3703,17,6,U,2,17,8.3,7.4,32.86,0.7,-,-,-,-,-,-,-,-,-,-,B,50,16.5,8.2,5.4,34.29,3.8,-,-,-,-,-,-,-,-,-,-
KIS,WY20,340012,1344408,SP,1997,5,22,8:40,CL,3703,18,7,U,2,17.2,8.3,7.5,32.5,0.8,-,-,-,-,-,-,-,-,-,-,B,40,16.1,8.2,7.2,33.01,6.6,-,-,-,-,-,-,-,-,-,-
KIS,WY21,335552,1345950,SP,1997,5,21,11:20,UC,4102,17,10,U,2,19,8.3,6.8,33.36,0.5,-,-,-,-,-,-,-,-,-,-,B,50,18.1,8.2,6.1,34.51,0.4,-,-,-,-,-,-,-,-,-,-
KIS,WY22,335552,1345436,SP,1997,5,21,12:40,UC,3703,19,7,U,2,18.7,8.3,6.9,33.17,0.5,-,-,-,-,-,-,-,-,-,-,B,50,18.2,8.2,6.2,34.53,0.3,-,-,-,-,-,-,-,-,-,-
KIS,WY23,335552,1344922,SP,1997,5,21,13:10,UC,3703,18,7,U,2,17.9,8.3,7.1,32.94,0.7,-,-,-,-,-,-,-,-,-,-,B,50,15.4,8.3,6.1,33.15,2.5,-,-,-,-,-,-,-,-,-,-
KIS,WY24,335552,1344408,SP,1997,5,21,14:30,UC,3703,19,5,U,2,17.6,8.3,7.7,32.66,0.8,-,-,-,-,-,-,-,-,-,-,B,42,15.9,8.2,7.4,32.99,4.7,-,-,-,-,-,-,-,-,-,-
KIS,WY26,335132,1345950,SP,1997,5,21,11:50,UC,4105,18,12,U,2,19.8,8.3,6.6,34.03,0.3,-,-,-,-,-,-,-,-,-,-,B,50,17.8,8.2,6.3,34.57,0.2,-,-,-,-,-,-,-,-,-,-
KIS,WY27,335132,1345436,SP,1997,5,21,12:10,UC,4105,18,12,U,2,19.6,8.3,6.6,33.78,0.4,-,-,-,-,-,-,-,-,-,-,B,50,17.4,8.2,6.2,34.58,0.7,-,-,-,-,-,-,-,-,-,-
KIS,WY28,335132,1344922,SP,1997,5,21,13:30,UC,3703,17,6,U,2,18.2,8.3,7.2,33,0.8,-,-,-,-,-,-,-,-,-,-,B,50,16.6,8.3,6.3,34.01,2.8,-,-,-,-,-,-,-,-,-,-
KIS,WY35,340012,1343854,SP,1997,5,21,15:10,UC,3703,20,5,U,2,17,8.3,7.7,31.7,1.1,-,-,-,-,-,-,-,-,-,-,B,24,15.6,8.2,7.9,32.76,2.7,-,-,-,-,-,-,-,-,-,-
KIS,WY36,335132,1344408,SP,1997,5,21,14:05,UC,3502,18,4,U,2,17.5,8.3,7.7,32.35,0.9,-,-,-,-,-,-,-,-,-,-,B,33,16.8,8.2,7.1,32.92,1.4,-,-,-,-,-,-,-,-,-,-
OSK,KB01,343642,1351532,SP,1997,5,19,9:20,UC,3106,20,1.5,U,2,18.2,8.4,9.4,29.5,2.1,-,-,-,-,-,-,-,-,-,-,B,16,15.4,8.2,7.2,32.25,5.6,-,-,-,-,-,-,-,-,-,-
OSK,KB02,343222,1351532,SP,1997,5,19,9:40,UC,3106,20,2,U,2,18,8.4,8.6,30.09,1.8,-,-,-,-,-,-,-,-,-,-,B,17,15.3,8.2,7.6,32.28,4.8,-,-,-,-,-,-,-,-,-,-
OSK,KB03,342902,1351532,SP,1997,5,19,10:40,UC,3106,22,2,U,2,19,8.4,9.2,28.3,3.4,-,-,-,-,-,-,-,-,-,-,B,16,14.4,8.2,6.3,32.27,2.9,-,-,-,-,-,-,-,-,-,-
OSK,KB05,343642,1351018,SP,1997,5,20,8:30,UC,3505,19,3,U,2,16.6,8.4,7.1,31.31,2.5,-,-,-,-,-,-,-,-,-,-,B,17,15.7,8.3,7.3,32.17,2.4,-,-,-,-,-,-,-,-,-,-
OSK,KB06,343222,1351018,SP,1997,5,20,9:40,UC,3703,19,4,U,2,17,8.4,7.7,31.8,1.4,-,-,-,-,-,-,-,-,-,-,B,40,15.3,8.2,6.9,32.26,3.8,-,-,-,-,-,-,-,-,-,-
OSK,KB07,342902,1351018,SP,1997,5,20,10:05,UC,3106,21,3,U,2,17.8,8.4,7.8,30.58,1.9,-,-,-,-,-,-,-,-,-,-,B,28,15,8.2,7.1,32.3,2.9,-,-,-,-,-,-,-,-,-,-
OSK,KB08,342342,1351018,SP,1997,5,20,10:30,UC,3106,21,3,U,2,17.3,8.3,7.5,31.97,1.6,-,-,-,-,-,-,-,-,-,-,B,15,17.1,8.2,8.5,32.67,1.6,-,-,-,-,-,-,-,-,-,-
OSK,KB09,343642,1350504,SP,1997,5,20,8:50,UC,3505,20,4,U,2,17.4,8.4,8.1,30.81,1.6,-,-,-,-,-,-,-,-,-,-,B,25,15.9,8.3,7.9,32.22,1.9,-,-,-,-,-,-,-,-,-,-
OSK,KB10,343222,1350504,SP,1997,5,20,9:15,UC,3703,20,6,U,2,16.1,8.3,6.8,32.23,0.9,-,-,-,-,-,-,-,-,-,-,B,44,16,8.3,7.2,32.23,3.5,-,-,-,-,-,-,-,-,-,-
OSK,KB11,342802,1350504,SP,1997,5,20,13:30,RN,3505,15,4,U,2,16.7,8.4,7.9,31.86,1.4,-,-,-,-,-,-,-,-,-,-,B,39,15.4,8.3,7.5,32.36,-,-,-,-,-,-,-,-,-,-,-
OSK,KB12,342342,1350504,SP,1997,5,26,9:20,UC,3304,21,3,U,2,17.5,8.4,6.9,31.21,2.6,-,-,-,-,-,-,-,-,-,-,B,36,16.8,8.2,6.6,33.09,5.1,-,-,-,-,-,-,-,-,-,-
OSK,KB13,341922,1350504,SP,1997,5,26,9:50,UC,3304,21,4,U,2,17.7,8.3,6.2,33.15,2.8,-,-,-,-,-,-,-,-,-,-,B,50,17.7,8.3,6.7,33.17,7.5,-,-,-,-,-,-,-,-,-,-
OSK,KB14,342802,1345950,SP,1997,5,20,14:00,RN,3505,16,4,U,2,17.1,8.3,7.8,31.61,1.5,-,-,-,-,-,-,-,-,-,-,B,50,15.7,8.2,7.2,32.26,1.3,-,-,-,-,-,-,-,-,-,-
OSK,KB15,342342,1345950,SP,1997,5,26,13:50,RN,3505,17,3,U,2,-,-,-,-,1.8,-,-,-,-,-,-,-,-,-,-,B,43,-,-,-,-,2.1,-,-,-,-,-,-,-,-,-,-
OSK,KB16,341922,1345950,SP,1997,5,26,10:15,UC,3505,21,5,U,2,-,-,-,-,1.8,-,-,-,-,-,-,-,-,-,-,B,50,-,-,-,-,1.4,-,-,-,-,-,-,-,-,-,-
OSK,KB54,344012,1352046,SP,1997,5,19,8:40,UC,3106,20,1.5,U,2,17.4,8.4,8.1,28.21,5.2,-,-,-,-,-,-,-,-,-,-,B,11,15,8.2,6.9,32.23,2.7,-,-,-,-,-,-,-,-,-,-
OSK,KB55,343642,1352046,SP,1997,5,19,9:00,UC,3106,21,1.5,U,2,17.8,8.4,9.1,27.69,2.9,-,-,-,-,-,-,-,-,-,-,B,14,15.1,8.2,6.3,32.28,6.8,-,-,-,-,-,-,-,-,-,-
OSK,KB56,343222,1352046,SP,1997,5,19,10:05,UC,3106,21,1.5,U,2,18,8.3,10.5,27.2,4,-,-,-,-,-,-,-,-,-,-,B,13,14.3,8.2,4.8,32.14,2.6,-,-,-,-,-,-,-,-,-,-
OSK,KB57,344012,1351532,SP,1997,5,19,8:15,UC,3106,20,1.5,U,2,17.9,8.4,7.3,-,4.7,-,-,-,-,-,-,-,-,-,-,B,13,15,8.2,6.4,-,3.5,-,-,-,-,-,-,-,-,-,-
OSK,KB58,342342,1345436,SP,1997,5,26,11:10,UC,3505,22,3.5,U,2,17.5,8.3,7.5,31.69,1.9,-,-,-,-,-,-,-,-,-,-,B,30,16.8,8.2,9.1,32.48,1.9,-,-,-,-,-,-,-,-,-,-
OSK,KB59,341922,1345556,SP,1997,5,26,10:40,UC,3505,22,4,U,2,-,-,-,-,1.8,-,-,-,-,-,-,-,-,-,-,B,38,-,-,-,-,2.2,-,-,-,-,-,-,-,-,-,-
HAR,KB17,343642,1345436,SP,1997,5,27,9:10,CL,3304,17,4,U,2,16.7,8.3,6.4,32.05,2.3,-,-,-,-,-,-,-,-,-,-,B,36,16.7,8.2,7.6,32.15,2.7,-,-,-,-,-,-,-,-,-,-
HAR,KB18,343642,1344922,SP,1997,5,27,9:30,CL,3505,18,4,U,2,17,8.3,6.4,32.15,1.6,-,-,-,-,-,-,-,-,-,-,B,25,16.7,8.2,7.9,32.21,2.5,-,-,-,-,-,-,-,-,-,-
HAR,KB19,343222,1344922,SP,1997,5,30,10:40,UC,3703,21,5,U,2,17.1,8.3,6.2,32.24,1.7,-,-,-,-,-,-,-,-,-,-,B,27,16.8,8.2,6.3,32.3,4.5,-,-,-,-,-,-,-,-,-,-
HAR,KB20,344452,1344408,SP,1997,5,30,8:00,UC,3805,21,3,U,2,18.4,8.3,7.3,31.56,2,-,-,-,-,-,-,-,-,-,-,B,11,16.7,8.2,5.9,32.14,8.5,-,-,-,-,-,-,-,-,-,-
HAR,KB21,344102,1344408,SP,1997,5,27,10:20,CL,4105,19,7,U,2,17,8.3,7,32.16,0.7,-,-,-,-,-,-,-,-,-,-,B,21,15.9,8.2,9.6,32.44,3.7,-,-,-,-,-,-,-,-,-,-
HAR,KB22,343642,1344408,SP,1997,5,27,10:00,CL,3505,19,4,U,2,16.8,8.3,6.6,32.2,1.8,-,-,-,-,-,-,-,-,-,-,B,25,16.1,8.2,6.7,32.46,5,-,-,-,-,-,-,-,-,-,-
HAR,KB23,343222,1344408,SP,1997,5,30,10:10,UC,3703,21,5,U,2,17.4,8.3,6.6,32.23,1.4,-,-,-,-,-,-,-,-,-,-,B,22,16.8,8.2,6.6,32.22,2.8,-,-,-,-,-,-,-,-,-,-
HAR,KB24,342802,1344408,SP,1997,5,28,10:05,CL,3505,20,4,U,2,16.9,8.3,7,32.18,0.9,-,-,-,-,-,-,-,-,-,-,B,30,16,8.2,6.3,32.57,5.3,-,-,-,-,-,-,-,-,-,-
HAR,KB25,342342,1344408,SP,1997,5,28,10:30,CL,3703,17,4,U,2,17.1,8.3,6.6,32.42,0.8,-,-,-,-,-,-,-,-,-,-,B,16,16.8,8.2,6.5,32.55,1.4,-,-,-,-,-,-,-,-,-,-
HAR,KB26,344452,1343854,SP,1997,5,30,7:40,CL,3105,21,3,U,2,18.4,8.3,8.2,31.72,1.8,-,-,-,-,-,-,-,-,-,-,B,12,16.3,8.2,6.7,32.22,3.1,-,-,-,-,-,-,-,-,-,-
HAR,KB27,344102,1343854,SP,1997,5,30,8:30,UC,3805,20,4,U,2,17.9,8.4,7.2,31.81,1.6,-,-,-,-,-,-,-,-,-,-,B,23,15.5,8.2,5.5,32.39,2.7,-,-,-,-,-,-,-,-,-,-
HAR,KB28,343642,1343854,SP,1997,5,30,9:50,UC,3703,20,6,U,2,18.1,8.3,6.7,32.16,1.2,-,-,-,-,-,-,-,-,-,-,B,32,15.1,8.2,5.4,32.51,4.7,-,-,-,-,-,-,-,-,-,-
HAR,KB29,343222,1343854,SP,1997,5,30,9:20,UC,3703,21,5,U,2,17.6,8.4,6.8,32.17,1.2,-,-,-,-,-,-,-,-,-,-,B,25,16.5,8.2,6.4,32.34,2.6,-,-,-,-,-,-,-,-,-,-
HAR,KB30,342802,1343854,SP,1997,5,30,9:40,UC,3703,21,5,U,2,17.6,8.4,6.7,32.17,1.2,-,-,-,-,-,-,-,-,-,-,B,27,16.5,8.2,6.3,32.35,4,-,-,-,-,-,-,-,-,-,-
HAR,KB31,342342,1343854,SP,1997,5,28,10:50,CL,3703,20,7,U,2,17.7,8.3,6.7,32.31,0.8,-,-,-,-,-,-,-,-,-,-,B,30,14.3,8.2,6.3,32.79,2.4,-,-,-,-,-,-,-,-,-,-
HAR,KB32,341922,1343854,SP,1997,5,28,11:20,CL,3703,19,5,U,2,17.4,8.3,6.6,32.41,0.6,-,-,-,-,-,-,-,-,-,-,B,32,16.9,8.2,6.5,32.52,2.4,-,-,-,-,-,-,-,-,-,-
HAR,KB33,344452,1343340,SP,1997,5,29,16:10,SR,3106,20,2,U,2,18.1,8.4,7.5,31.28,2.2,-,-,-,-,-,-,-,-,-,-,B,12,16.1,8.1,5.2,32.25,6.2,-,-,-,-,-,-,-,-,-,-
HAR,KB34,344102,1343340,SP,1997,5,29,14:30,SR,3703,21,6,U,2,17.4,8.3,5.5,32.18,0.9,-,-,-,-,-,-,-,-,-,-,B,26,15.8,8.2,5.2,32.37,3.5,-,-,-,-,-,-,-,-,-,-
HAR,KB35,343642,1343340,SP,1997,5,29,14:10,UC,3703,20,7,U,2,18.1,8.3,5.4,32.23,1.6,-,-,-,-,-,-,-,-,-,-,B,32,15,8.2,5.1,32.74,1.2,-,-,-,-,-,-,-,-,-,-
HAR,KB36,343222,1343340,SP,1997,5,29,9:50,UC,4105,20,9,U,2,18,8.3,5.4,32.19,0.5,-,-,-,-,-,-,-,-,-,-,B,38,13.2,8.2,5.5,32.89,2.3,-,-,-,-,-,-,-,-,-,-
HAR,KB37,342802,1343340,SP,1997,5,29,9:20,UC,4105,20,9,U,2,17.9,8.3,5.8,32.23,0.4,-,-,-,-,-,-,-,-,-,-,B,38,12.8,8.2,5.9,32.79,2.9,-,-,-,-,-,-,-,-,-,-
HAR,KB38,342342,1343340,SP,1997,5,28,16:10,CL,4105,20,10,U,2,17.8,8.2,6.1,32.36,1.6,-,-,-,-,-,-,-,-,-,-,B,32,14,8.2,6.1,32.74,1,-,-,-,-,-,-,-,-,-,-
HAR,KB39,341922,1343340,SP,1997,5,28,15:40,CL,4105,19,10,U,2,18,8.3,6.2,32.46,1.4,-,-,-,-,-,-,-,-,-,-,B,30,16.6,8.2,6.6,32.56,0.9,-,-,-,-,-,-,-,-,-,-
HAR,KB40,341502,1343340,SP,1997,5,28,14:30,CL,3703,20,7,U,2,18.2,8.3,6.8,32.39,0.6,-,-,-,-,-,-,-,-,-,-,B,30,16.6,8.3,6.6,32.55,1.2,-,-,-,-,-,-,-,-,-,-
HAR,KB41,344422,1342826,SP,1997,5,29,15:50,SR,3304,20,2,U,2,17.8,8.4,6.7,31.6,2.7,-,-,-,-,-,-,-,-,-,-,B,9,16.8,8.2,6.1,32.05,5.5,-,-,-,-,-,-,-,-,-,-
HAR,KB42,344102,1342826,SP,1997,5,29,15:00,SR,3703,20,6,U,2,17.4,8.3,5.5,32.27,0.9,-,-,-,-,-,-,-,-,-,-,B,21,16,8.2,5.5,32.39,2.9,-,-,-,-,-,-,-,-,-,-
HAR,KB43,343712,1342826,SP,1997,5,29,13:40,UC,3703,20,7,U,2,17.1,8.3,5.2,32.23,0.7,-,-,-,-,-,-,-,-,-,-,B,31,15.7,8.2,5.3,32.5,2.3,-,-,-,-,-,-,-,-,-,-
HAR,KB44,343222,1342826,SP,1997,5,29,10:10,UC,4105,20,8,U,2,18.2,8.3,5.2,32.2,0.8,-,-,-,-,-,-,-,-,-,-,B,38,14.2,8.2,5.2,32.75,2.6,-,-,-,-,-,-,-,-,-,-
HAR,KB45,342802,1342826,SP,1997,5,28,9:00,UC,4105,20,9,U,2,17.6,8.3,5.9,32.39,0.4,-,-,-,-,-,-,-,-,-,-,B,38,13.9,8.2,6.5,32.77,1.3,-,-,-,-,-,-,-,-,-,-
HAR,KB46,342342,1342826,SP,1997,5,27,16:30,UC,4105,20,9,U,2,17.4,8.3,5.6,32.5,1.8,-,-,-,-,-,-,-,-,-,-,B,36,13.4,8.2,6.1,32.78,3.6,-,-,-,-,-,-,-,-,-,-
HAR,KB47,341922,1342826,SP,1997,5,27,15:20,UC,4105,20,6,U,2,17.8,8.3,6.5,32.44,0.6,-,-,-,-,-,-,-,-,-,-,B,32,16.6,8.3,6.8,32.56,2.4,-,-,-,-,-,-,-,-,-,-
HAR,KB48,341502,1342826,SP,1997,5,27,15:00,UC,3703,19,7,U,2,18.2,8.3,7,32.54,0.5,-,-,-,-,-,-,-,-,-,-,B,31,15,8.3,6.1,32.65,3.5,-,-,-,-,-,-,-,-,-,-
HAR,KB49,344102,1342312,SP,1997,5,29,15:20,SR,3703,20,6,U,2,18.1,8.3,5.8,32.12,0.9,-,-,-,-,-,-,-,-,-,-,B,11,16.3,8.2,5.8,32.38,6.1,-,-,-,-,-,-,-,-,-,-
HAR,KB50,343642,1342312,SP,1997,5,29,13:20,UC,4105,20,8,U,2,18,8.3,5.6,32.21,0.9,-,-,-,-,-,-,-,-,-,-,B,30,15.4,8.2,5.3,32.6,3.5,-,-,-,-,-,-,-,-,-,-
HAR,KB51,343222,1342312,SP,1997,5,29,10:40,UC,4105,21,8,U,2,18,8.3,5.4,32.27,0.5,-,-,-,-,-,-,-,-,-,-,B,28,15.6,8.2,6.1,32.56,2.5,-,-,-,-,-,-,-,-,-,-
HAR,KB52,342802,1342312,SP,1997,5,28,8:35,UC,4105,20,12,U,2,17.9,8.3,6.5,32.36,0.5,-,-,-,-,-,-,-,-,-,-,B,30,14.8,8.2,6.5,32.65,7.6,-,-,-,-,-,-,-,-,-,-
HAR,KB60,344102,1344922,SP,1997,5,27,10:40,CL,3304,18,3,U,2,17,8.3,6.6,31.91,2,-,-,-,-,-,-,-,-,-,-,B,16,16.4,8.2,6.6,32.25,2.4,-,-,-,-,-,-,-,-,-,-
BS1,SD01,342445,1332539,SP,1997,5,19,13:29,CL,3106,22.6,2.8,U,2,18.6,8.3,8.7,32.03,4.2,-,-,-,-,-,-,-,-,-,-,B,5,18.3,8.2,8.9,32.35,3.3,-,-,-,-,-,-,-,-,-,-
BS1,SD02,342552,1332951,SP,1997,5,19,12:05,CL,3703,21.4,4.9,U,2,18.4,8.1,7.7,31.97,3.4,-,-,-,-,-,-,-,-,-,-,B,13,16,8.1,8,33.21,10,-,-,-,-,-,-,-,-,-,-
BS1,SD04,342552,1333505,SP,1997,5,19,11:27,CL,3304,20.8,3.3,U,2,18.6,8.2,8.2,30.76,3.7,-,-,-,-,-,-,-,-,-,-,B,9,16.6,8.1,7.5,32.97,5.2,-,-,-,-,-,-,-,-,-,-
BS1,SD07,343012,1333955,SP,1997,5,19,10:39,CL,3304,20.8,1.8,U,2,18.4,8.1,7.7,29.62,9,-,-,-,-,-,-,-,-,-,-,B,4,17.4,8,6.7,31.27,12.6,-,-,-,-,-,-,-,-,-,-
BS1,SD08,342552,1334019,SP,1997,5,19,10:03,CL,3505,20.4,4,U,2,17.3,8.1,8.1,32.38,3.9,-,-,-,-,-,-,-,-,-,-,B,4,16.9,8.1,8.5,32.71,5.4,-,-,-,-,-,-,-,-,-,-
BS1,SD11,342552,1334532,SP,1997,5,19,9:28,CL,3505,20.3,5,U,2,17,8.1,7,32.32,4.7,-,-,-,-,-,-,-,-,-,-,B,9,17,8,7.1,32.32,5.3,-,-,-,-,-,-,-,-,-,-
BS2,SD18,343432,1340628,SP,1997,5,16,15:15,CL,3106,26.1,1.5,U,2,18.1,8.2,7.1,31.88,4.9,-,-,-,-,-,-,-,-,-,-,B,18,17,8.1,8.6,32.4,9.8,-,-,-,-,-,-,-,-,-,-
BS2,SD21,343852,1341142,SP,1997,5,16,14:02,UC,3304,23.4,4,U,2,18.8,8.1,7.5,31.59,3.4,-,-,-,-,-,-,-,-,-,-,B,4,18.3,8.1,7.4,31.95,6.9,-,-,-,-,-,-,-,-,-,-
BS2,SD22,343432,1341142,SP,1997,5,16,14:41,CL,3304,25.1,2,U,2,18.3,8.2,7.5,31.52,3.4,-,-,-,-,-,-,-,-,-,-,B,19,16.5,8.1,7.5,32.59,14.1,-,-,-,-,-,-,-,-,-,-
BS2,SD23,342552,1341142,SP,1997,5,16,9:56,UC,3505,23.6,4.5,U,2,16.9,8,7.3,32.43,3.6,-,-,-,-,-,-,-,-,-,-,B,16,16.6,-,6.7,32.84,4.7,-,-,-,-,-,-,-,-,-,-
BS2,SD24,343852,1341656,SP,1997,5,16,12:10,UC,3505,23.8,3.5,U,2,18.7,8.2,8.1,31.05,2.7,-,-,-,-,-,-,-,-,-,-,B,8,17.6,8,8.5,32.04,4,-,-,-,-,-,-,-,-,-,-
BS2,SD25,343432,1341656,SP,1997,5,16,11:35,UC,3106,24.9,2,U,2,18.7,8.2,7.9,28.45,7.2,-,-,-,-,-,-,-,-,-,-,B,26,14.4,8.1,7.9,32.73,5.1,-,-,-,-,-,-,-,-,-,-
BS1,SD48,341712,1331923,SP,1997,5,19,14:27,CL,3805,23.1,6,U,2,18.5,8.2,7.7,33.02,2.3,-,-,-,-,-,-,-,-,-,-,B,15,15.7,8.1,7.3,33.43,11.1,-,-,-,-,-,-,-,-,-,-
HIU,SD54,341312,1332437,SP,1997,5,22,10:53,CL,3505,17.3,6.2,U,2,17.7,8.1,7,33.13,2.5,-,-,-,-,-,-,-,-,-,-,B,17,16.3,8,7.3,33.41,5.3,-,-,-,-,-,-,-,-,-,-
HIU,SD55,340852,1332437,SP,1997,5,22,11:29,CL,4105,17.5,12.5,U,2,17.9,8.1,6.9,33.28,1.5,-,-,-,-,-,-,-,-,-,-,B,14,16.3,8.1,8.3,33.38,2.9,-,-,-,-,-,-,-,-,-,-
HIU,SD58,341312,1332951,SP,1997,5,22,10:16,CL,4105,16.4,14.8,U,2,17.7,8,6.9,33.17,1.6,-,-,-,-,-,-,-,-,-,-,B,19,15.7,7.9,7.4,33.43,6.1,-,-,-,-,-,-,-,-,-,-
HIU,SD59,340852,1332951,SP,1997,5,22,13:33,CL,4105,18.8,7.6,U,2,18.3,8.1,6.9,33.24,1.8,-,-,-,-,-,-,-,-,-,-,B,16,15.8,8.1,8.3,33.39,3.2,-,-,-,-,-,-,-,-,-,-
HIU,SD62,341312,1333505,SP,1997,5,22,15:21,CL,4105,19.5,11.2,U,2,19.5,8.1,6.5,32.95,1.5,-,-,-,-,-,-,-,-,-,-,B,14,18.2,8.1,8,33.18,1.5,-,-,-,-,-,-,-,-,-,-
HIU,SD63,340852,1333505,SP,1997,5,22,14:48,CL,3703,20.1,18.3,U,2,18.9,8.1,7.5,33.09,1.5,-,-,-,-,-,-,-,-,-,-,B,20,14.2,8.2,11.9,33.46,7.9,-,-,-,-,-,-,-,-,-,-
HIU,SD64,340432,1333505,SP,1997,5,22,14:16,CL,3805,19.3,13.5,U,2,18.6,8.1,6.5,33.02,1.8,-,-,-,-,-,-,-,-,-,-,B,18,14.8,8.1,7.7,33.4,2.5,-,-,-,-,-,-,-,-,-,-
HIU,MY40,340432,1330341,SP,1997,5,28,8:50,UC,3505,16,6.5,U,2,16.3,8.1,7.3,33.52,2.5,-,-,-,-,-,-,-,-,-,-,B,31,16.3,8.1,8.4,33.53,2.7,-,-,-,-,-,-,-,-,-,-
HIU,MY41,340852,1330855,SP,1997,5,28,12:18,UC,3805,19.5,9,U,2,17,8.1,7.6,33.43,0.7,-,-,-,-,-,-,-,-,-,-,B,21,16.4,8,10.9,33.49,5,-,-,-,-,-,-,-,-,-,-
HIU,MY42,340432,1330855,SP,1997,5,28,9:40,UC,3805,16.5,7.5,U,2,17.8,8.1,7,33.17,0.8,-,-,-,-,-,-,-,-,-,-,B,32,16.3,8,9.7,33.52,5.5,-,-,-,-,-,-,-,-,-,-
HIU,MY43,340012,1330855,SP,1997,5,27,9:25,CL,3304,16.5,4,U,2,16.8,7.9,6.9,33.39,4.7,-,-,-,-,-,-,-,-,-,-,B,10,16.8,7.8,6.8,33.4,5.3,-,-,-,-,-,-,-,-,-,-
HIU,MY45,340852,1331409,SP,1997,5,28,11:50,UC,4105,19,16,U,2,17.7,8.1,7.5,33.36,0.1,-,-,-,-,-,-,-,-,-,-,B,22,16.4,8,12.2,33.46,4.1,-,-,-,-,-,-,-,-,-,-
HIU,MY46,340432,1331409,SP,1997,5,28,10:15,UC,3805,17,9.5,U,2,18.4,8.1,6.9,33.16,0.5,-,-,-,-,-,-,-,-,-,-,B,27,15.7,8,8.4,33.49,4.2,-,-,-,-,-,-,-,-,-,-
HIU,MY47,340012,1331409,SP,1997,5,27,9:55,CL,3703,16.5,6.5,U,2,18.6,8,6.8,33.12,1,-,-,-,-,-,-,-,-,-,-,B,13,16.2,7.9,6.8,33.43,3.2,-,-,-,-,-,-,-,-,-,-
HIU,MY50,340852,1331923,SP,1997,5,28,11:16,UC,3505,17.5,16.5,U,2,17.6,8,6.9,33.32,0.1,-,-,-,-,-,-,-,-,-,-,B,17,16.9,8,8.4,33.38,2.3,-,-,-,-,-,-,-,-,-,-
HIU,MY51,340432,1331923,SP,1997,5,28,10:45,UC,4105,17.5,14.5,U,2,18.5,8,6.7,33.19,0.1,-,-,-,-,-,-,-,-,-,-,B,18,15.5,8,6.8,33.48,4.4,-,-,-,-,-,-,-,-,-,-
HIU,MY52,340022,1331923,SP,1997,5,27,10:30,CL,3703,16.5,6.5,U,2,18.5,8,6.9,33.17,1.3,-,-,-,-,-,-,-,-,-,-,B,15,15.8,7.9,7.1,33.45,6.4,-,-,-,-,-,-,-,-,-,-
HIU,MY56,340432,1332437,SP,1997,5,27,12:45,CL,4105,19,15,U,2,18.9,8,7.5,33.17,0.1,-,-,-,-,-,-,-,-,-,-,B,18,15.7,8,10.7,33.41,3.8,-,-,-,-,-,-,-,-,-,-
HIU,MY57,340012,1332437,SP,1997,5,27,11:00,CL,3703,16.5,12,U,2,18.9,8,6.7,33.17,0.4,-,-,-,-,-,-,-,-,-,-,B,13,17.2,7.9,6.5,33.23,3.6,-,-,-,-,-,-,-,-,-,-
HIU,MY60,340432,1332951,SP,1997,5,27,12:05,CL,4105,17.5,16,U,2,18.4,8,6.8,33.19,0.1,-,-,-,-,-,-,-,-,-,-,B,18,16.9,8,10.1,33.28,0.2,-,-,-,-,-,-,-,-,-,-
HIU,MY61,340012,1332951,SP,1997,5,27,11:35,CL,3805,17,13,U,2,18.6,8,6.8,33.06,0.3,-,-,-,-,-,-,-,-,-,-,B,15,16,8,10.6,33.39,0.5,-,-,-,-,-,-,-,-,-,-
AKI,HS12,341312,1323639,SP,1997,5,29,8:55,UC,3504,22,2.4,U,2,16.6,8,7.1,33.09,13.2,-,-,-,-,-,-,-,-,-,-,B,6.1,16.4,7.9,6.9,33.31,15,-,-,-,-,-,-,-,-,-,-
AKI,HS13,340852,1323341,SP,1997,5,29,14:38,UC,3802,18,4.3,U,2,16.9,8.1,7.2,33.07,10.3,-,-,-,-,-,-,-,-,-,-,B,10.7,16.8,7.9,7.4,33.24,10.6,-,-,-,-,-,-,-,-,-,-
AKI,HS21,341312,1324923,SP,1997,5,29,13:06,UC,3502,22,5.3,U,2,16.3,8.1,7,33.46,10.6,-,-,-,-,-,-,-,-,-,-,B,18.8,16.2,8,7.2,33.49,11.5,-,-,-,-,-,-,-,-,-,-
AKI,HS22,341832,1325437,SP,1997,5,29,10:47,UC,3502,21,4.1,U,2,16.4,8.1,7,33.44,12.8,-,-,-,-,-,-,-,-,-,-,B,37.3,16.4,8,7.1,33.45,13.8,-,-,-,-,-,-,-,-,-,-
AKI,HS33,340012,1324409,SP,1997,5,26,11:05,UC,3703,17.5,8.5,U,2,16.4,8.1,6.5,33.59,1.9,-,-,-,-,-,-,-,-,-,-,B,40,16.4,8.1,9.7,33.58,3.3,-,-,-,-,-,-,-,-,-,-
HRS,HS01,341312,1321759,SP,1997,5,27,11:15,CL,3502,20,4.4,U,2,17.2,8.1,7.9,31.46,9.2,-,-,-,-,-,-,-,-,-,-,B,20.2,15.4,7.9,6.9,33.29,13,-,-,-,-,-,-,-,-,-,-
HRS,HS02,340852,1321759,SP,1997,5,27,10:02,CL,3702,18,6.8,U,2,16.9,8.2,7.8,31.73,9.2,-,-,-,-,-,-,-,-,-,-,B,27.5,15,8.1,6.3,33.42,14.3,-,-,-,-,-,-,-,-,-,-
HRS,HS03,340432,1321759,SP,1997,5,28,10:00,CL,3702,19,6.8,U,2,17.2,8.1,7.3,32.24,8.9,-,-,-,-,-,-,-,-,-,-,B,22.4,15.7,8,7.5,33.32,11.7,-,-,-,-,-,-,-,-,-,-
HRS,HS04,341732,1322313,SP,1997,5,27,13:35,CL,3304,20.5,3.2,U,2,17.5,8.2,10.3,29.88,10.2,-,-,-,-,-,-,-,-,-,-,B,23,15.1,-,6.1,33.11,11.5,-,-,-,-,-,-,-,-,-,-
HRS,HS05,341312,1322313,SP,1997,5,27,10:45,CL,3702,20.5,8.7,U,2,16.6,8,9.2,32.66,9.1,-,-,-,-,-,-,-,-,-,-,B,34.5,15.2,-,7.3,33.37,15.8,-,-,-,-,-,-,-,-,-,-
HRS,HS06,340852,1322313,SP,1997,5,27,9:30,CL,3502,17.5,8.2,U,2,16.7,8.1,7.1,32.5,9.1,-,-,-,-,-,-,-,-,-,-,B,42.5,15.2,-,6.5,33.4,12.6,-,-,-,-,-,-,-,-,-,-
HRS,HS07,340432,1322313,SP,1997,5,28,9:30,CL,3702,21,6.8,U,2,16.7,8.1,6.9,33.12,9.5,-,-,-,-,-,-,-,-,-,-,B,17.8,16.2,8,6.9,33.24,12.2,-,-,-,-,-,-,-,-,-,-
HRS,HS08,341732,1322827,SP,1997,5,27,14:10,CL,3304,22,2.9,U,2,17.8,8.2,8.5,30.36,9.8,-,-,-,-,-,-,-,-,-,-,B,14.3,15.1,-,6,33.03,11.4,-,-,-,-,-,-,-,-,-,-
HRS,HS09,341312,1322959,SP,1997,5,27,14:50,CL,3304,23,4.2,U,2,18.3,8.1,8.6,30.72,9.7,-,-,-,-,-,-,-,-,-,-,B,17.5,15,-,5.9,33.07,10.4,-,-,-,-,-,-,-,-,-,-
HRS,HS10,340432,1322827,SP,1997,5,28,14:32,CL,3502,21,7.6,U,2,16.9,8.1,9.1,33.15,9.1,-,-,-,-,-,-,-,-,-,-,B,25.5,16.1,8,7.3,33.29,11,-,-,-,-,-,-,-,-,-,-
HRS,HS11,340012,1322827,SP,1997,5,28,13:53,CL,3702,22,8.8,U,2,16.3,8.1,6.9,33.14,9.2,-,-,-,-,-,-,-,-,-,-,B,41.4,16.1,8.1,6.9,33.28,10.9,-,-,-,-,-,-,-,-,-,-
HRS,HS24,340432,1321245,SP,1997,5,28,10:32,CL,3502,20,3.8,U,2,18.3,8.2,8.4,30.74,9.6,-,-,-,-,-,-,-,-,-,-,B,15.5,15.7,8,7,33.07,10,-,-,-,-,-,-,-,-,-,-
HRS,HS25,340012,1321759,SP,1997,5,28,11:15,CL,3702,21,8.7,U,2,17.1,8.2,7.2,32.51,8.7,-,-,-,-,-,-,-,-,-,-,B,23.3,15.7,8.1,6.9,33.23,9.8,-,-,-,-,-,-,-,-,-,-
HRS,HS26,340012,1322313,SP,1997,5,28,13:20,CL,3502,20.5,7.3,U,2,16.6,8,7.1,33.08,9.5,-,-,-,-,-,-,-,-,-,-,B,26.9,16.1,8.1,6.9,33.22,11.4,-,-,-,-,-,-,-,-,-,-
IY1,MY12,333832,1321245,SP,1997,5,22,12:05,CL,4302,20,19.5,U,2,17.5,8.1,6.8,33.72,<0.1,-,-,-,-,-,-,-,-,-,-,B,50,14,8.1,9.4,33.99,1.8,-,-,-,-,-,-,-,-,-,-
IY2,MY24,334712,1323855,SP,1997,5,22,14:55,CL,3702,19.5,6.5,U,2,17.3,8.1,7.9,33.38,2.2,-,-,-,-,-,-,-,-,-,-,B,13,16.7,7.9,9.5,33.49,4,-,-,-,-,-,-,-,-,-,-
IY2,MY26,335132,1323341,SP,1997,5,22,9:40,CL,4302,18,18,U,2,16.8,8.1,7.2,33.72,0.1,-,-,-,-,-,-,-,-,-,-,B,50,15.8,8.1,8.4,33.88,1.2,-,-,-,-,-,-,-,-,-,-
KIS,WY01,341312,1350504,SM,1997,8,29,14:50,UC,3703,29,6,U,2,26,8.3,6.8,32.33,1.2,-,-,-,-,-,-,-,-,-,-,B,33,25,8.2,5,33.72,7.6,-,-,-,-,-,-,-,-,-,-
KIS,WY02,341312,1345950,SM,1997,8,29,15:15,UC,3304,29,4,U,2,25,8.3,5.8,32.79,2.5,1,1.8,-,-,-,-,-,-,-,-,B,50,24,8.2,5.4,34.26,5.4,3,1.2,-,-,-,-,-,-,-,-
KIS,WY03,341312,1345436,SM,1997,8,29,15:40,UC,3304,30,4,U,2,26,8.3,6.3,32.46,1.2,-,-,-,-,-,-,-,-,-,-,B,50,24,8.2,5,33.45,2,-,-,-,-,-,-,-,-,-,-
KIS,WY05,340852,1350504,SM,1997,8,29,12:10,CL,3703,30,5,U,2,26.4,8.3,6.4,32.43,1.2,1,1.8,-,-,-,-,-,-,-,-,B,41,25.4,8.2,5.3,34.04,7.4,4,1.3,-,-,-,-,-,-,-,-
KIS,WY06,340852,1345950,SM,1997,8,29,11:45,CL,3703,30,6,U,2,25.8,8.3,5.9,32.54,1.6,-,-,-,-,-,-,-,-,-,-,B,50,23.3,8.2,5,34.21,1.9,-,-,-,-,-,-,-,-,-,-
KIS,WY07,340852,1345436,SM,1997,8,29,11:15,CL,3703,29,8,U,2,26.3,8.3,6.4,32.19,0.9,<1,1.7,0.06,0.012,<0.005,<0.005,0.03,0.003,-,-,B,49.4,24.2,8.2,5.2,33.69,2.3,3,1.1,0.03,0.006,0.009,0.011,<0.01,<0.003,-,-
KIS,WY08,340852,1344922,SM,1997,8,29,10:45,UC,4105,29,8,U,2,26.5,8.3,6.3,32.15,0.9,-,-,-,-,-,-,-,-,-,-,B,48,22.2,8.2,4.3,34.21,-,-,-,-,-,-,-,-,-,-,-
KIS,WY09,340852,1344408,SM,1997,8,29,10:25,UC,3703,28,9,U,2,26.5,8.3,5.8,32.04,1.2,<1,2.2,-,-,-,-,-,-,-,-,B,22,25.6,8.2,4.8,33.04,2.9,2,1.9,-,-,-,-,-,-,-,-
KIS,WY10,340852,1343854,SM,1997,8,29,10:00,UC,3703,28,6,U,2,26.4,8.3,5.6,31.82,3.1,-,-,-,-,-,-,-,-,-,-,B,12,26.4,8.2,5.5,31.83,3.1,-,-,-,-,-,-,-,-,-,-
KIS,WY11,340432,1345950,SM,1997,8,28,15:00,UC,3703,30,8,U,2,26,8.3,6.5,32.21,1.2,<1,2.2,-,-,-,-,-,-,-,-,B,49,24,8.2,5.9,34.22,0.4,<1,1.5,-,-,-,-,-,-,-,-
KIS,WY12,340432,1345436,SM,1997,8,28,15:30,UC,3703,30,5,U,2,26,8.3,6.8,32.21,1.2,-,-,-,-,-,-,-,-,-,-,B,49,26,8.2,5.8,34.03,0.4,-,-,-,-,-,-,-,-,-,-
KIS,WY13,340432,1344922,SM,1997,8,28,16:00,UC,3302,30,4,U,2,27,8.3,6.9,32.2,1.2,1,2.4,-,-,-,-,-,-,-,-,B,48,26,8.2,5.7,34.03,0.4,<1,1.6,-,-,-,-,-,-,-,-
KIS,WY14,340432,1344408,SM,1997,8,28,16:30,UC,3703,29,6,U,2,27,8.3,6.3,31.71,1.1,-,-,-,-,-,-,-,-,-,-,B,35,26,8.2,5.5,33.86,7.1,-,-,-,-,-,-,-,-,-,-
KIS,WY15,340432,1343854,SM,1997,8,28,16:50,UC,3202,29,4,U,2,26,8.3,7.3,31.27,1.5,1,2.1,0.09,0.016,<0.005,<0.005,<0.01,0.006,-,-,B,19,25,8.2,3.8,31.75,21.3,7,1.5,0.11,0.031,<0.005,0.081,<0.01,0.022,-,-
KIS,WY16,340012,1350504,SM,1997,8,28,12:30,CL,3703,28,8,U,2,25.8,8.3,5.7,33.14,1.2,<1,2,-,-,-,-,-,-,-,-,B,42.9,25.4,8.2,5.7,34.19,2.5,<1,1.5,-,-,-,-,-,-,-,-
KIS,WY17,340012,1345950,SM,1997,8,28,12:00,CL,3703,28,6,U,2,25.6,8.3,5.6,32.45,1.2,-,-,-,-,-,-,-,-,-,-,B,48.2,24.7,8.2,6,34.25,0.2,-,-,-,-,-,-,-,-,-,-
KIS,WY18,340012,1345436,SM,1997,8,28,11:30,CL,3703,28,6,U,2,25.7,8.3,6.2,32.36,1.2,1,2,-,-,-,-,-,-,-,-,B,49.8,24.6,8.2,6,34.3,0.2,<1,1.6,-,-,-,-,-,-,-,-
KIS,WY19,340012,1344922,SM,1997,8,28,11:00,CL,3703,28,7,U,2,26.3,8.3,6.9,32.32,0.8,-,-,-,-,-,-,-,-,-,-,B,49.5,23.6,8.2,4.6,34.04,2,-,-,-,-,-,-,-,-,-,-
KIS,WY20,340012,1344408,SM,1997,8,28,10:00,CL,3703,28,6,U,2,26.4,8.3,6.1,31.71,1.4,1,2.2,-,-,-,-,-,-,-,-,B,38.7,25.6,8.2,5.1,33.84,-,2,1.5,-,-,-,-,-,-,-,-
KIS,WY21,335552,1345950,SM,1997,8,27,11:40,CL,4105,29,11,U,2,26,8.3,6.7,32.87,0.7,<1,1.6,0.02,0.004,<0.005,<0.005,0.01,<0.003,-,-,B,49,24.4,8.2,6.2,34.34,0.4,<1,1.2,0.02,0.004,0.007,<0.005,<0.01,<0.003,-,-
KIS,WY22,335552,1345436,SM,1997,8,27,14:50,UC,4105,30,9,U,2,27,8.3,7,32.19,0.7,-,-,-,-,-,-,-,-,-,-,B,49,25,8.2,6.2,34.28,0.2,-,-,-,-,-,-,-,-,-,-
KIS,WY23,335552,1344922,SM,1997,8,27,15:20,UC,4105,30,8,U,2,27,8.3,7.2,32.16,0.5,<1,2,-,-,-,-,-,-,-,-,B,49,22,8.2,3.8,34.09,7,3,1.3,-,-,-,-,-,-,-,-
KIS,WY24,335552,1344408,SM,1997,8,28,10:25,CL,3703,29,7,U,2,-,-,-,-,1,-,-,-,-,-,-,-,-,-,-,B,38.7,-,-,-,-,0.5,-,-,-,-,-,-,-,-,-,-
KIS,WY26,335132,1345950,SM,1997,8,27,13:50,UC,4102,29,14,U,2,27.2,8.2,6.5,33.62,0.2,-,-,-,-,-,-,-,-,-,-,B,49,26.3,8.2,6.4,34.14,0.2,-,-,-,-,-,-,-,-,-,-
KIS,WY27,335132,1345436,SM,1997,8,27,14:20,UC,4105,30,8,U,2,26,8.3,6.7,32.2,0.8,<1,1.8,-,-,-,-,-,-,-,-,B,49,24,8.2,6.4,34.31,0.2,1,1.3,-,-,-,-,-,-,-,-
KIS,WY28,335132,1344922,SM,1997,8,27,15:50,UC,3703,30,7,U,2,27,8.3,7,31.68,0.7,-,-,-,-,-,-,-,-,-,-,B,49,25,8.2,5.2,33.57,1.9,-,-,-,-,-,-,-,-,-,-
KIS,WY35,340012,1343854,SM,1997,8,28,9:40,UC,3502,28,5,U,2,26.7,8.4,7.2,30.13,1.8,-,-,-,-,-,-,-,-,-,-,B,21.8,25.2,8.2,3.8,31.93,9.5,-,-,-,-,-,-,-,-,-,-
KIS,WY36,335132,1344408,SM,1997,8,27,16:20,UC,3703,29,7,U,2,27,8.3,7.2,30.86,1.4,<1,2,-,-,-,-,-,-,-,-,B,33,25,8.2,5.1,33.26,5.9,3,1.3,-,-,-,-,-,-,-,-
OSK,KB01,343642,1351532,SM,1997,8,25,9:20,CL,3106,28,2,U,2,27,8.3,8.1,30.28,1.4,2,3.2,-,-,-,-,-,-,-,-,B,15.3,24.9,8.2,4,31.79,2.9,3,2.2,-,-,-,-,-,-,-,-
OSK,KB02,343222,1351532,SM,1997,8,25,9:45,CL,3805,28,3,U,2,26.3,8.3,7.9,31.49,2,-,-,-,-,-,-,-,-,-,-,B,15.7,25.2,8.2,4.9,31.88,6.1,-,-,-,-,-,-,-,-,-,-
OSK,KB03,342902,1351532,SM,1997,8,25,10:40,CL,3703,28,4,U,2,27,8.3,7.8,31.6,1.3,2,3.1,0.06,0.017,<0.005,<0.005,<0.01,0.007,-,-,B,16,25,8.2,4,31.84,5.9,4,2.2,0.18,0.046,0.027,0.018,0.05,0.036,-,-
OSK,KB05,343642,1351018,SM,1997,8,26,8:20,CL,3502,27,4,U,2,26.4,8.4,7.1,31.4,1.5,-,-,-,-,-,-,-,-,-,-,B,15.8,25.5,8.2,5.3,31.84,10.8,-,-,-,-,-,-,-,-,-,-
OSK,KB06,343222,1351018,SM,1997,8,26,9:40,CL,3703,28,5,U,2,26.3,8.4,7.3,31.61,1.8,1,2.9,-,-,-,-,-,-,-,-,B,38.5,25.4,8.2,5.3,31.92,6.2,4,2.2,-,-,-,-,-,-,-,-
OSK,KB07,342902,1351018,SM,1997,8,26,10:00,CL,3304,28,3.5,U,2,25.9,8.4,6.9,31.76,2.1,-,-,-,-,-,-,-,-,-,-,B,28,25.3,8.2,5,31.94,5,-,-,-,-,-,-,-,-,-,-
OSK,KB08,342342,1351018,SM,1997,9,1,9:40,CL,3505,30,3.5,U,2,26.9,8.4,6.3,31.09,1.4,1,3.1,-,-,-,-,-,-,-,-,B,15,25.2,8.2,4.7,32.43,8.1,6,2.4,-,-,-,-,-,-,-,-
OSK,KB09,343642,1350504,SM,1997,8,26,8:45,CL,3302,28,4,U,2,25.6,8.3,5.5,31.82,3.9,3,2.2,-,-,-,-,-,-,-,-,B,24.8,25.6,8.2,5.5,31.83,4.5,2,2.1,-,-,-,-,-,-,-,-
OSK,KB10,343222,1350504,SM,1997,8,26,9:10,CL,3302,28,5,U,2,25.8,8.3,5.8,31.76,1.9,-,-,-,-,-,-,-,-,-,-,B,39.5,25.4,8.2,5.3,31.99,5.1,-,-,-,-,-,-,-,-,-,-
OSK,KB11,342802,1350504,SM,1997,8,26,10:30,CL,3304,28,4,U,2,25.9,8.4,5.8,31.74,2.1,3,2.2,-,-,-,-,-,-,-,-,B,34.7,24.9,8.2,5.1,32.42,4.1,4,2,-,-,-,-,-,-,-,-
OSK,KB12,342342,1350504,SM,1997,9,1,14:30,UC,3703,32,9,U,2,26,8.3,6.3,31.6,0.5,-,-,-,-,-,-,-,-,-,-,B,33,25,8.2,4.2,32.84,8.1,-,-,-,-,-,-,-,-,-,-
OSK,KB13,341922,1350504,SM,1997,9,1,10:15,CL,3304,30,4,U,2,26.5,8.4,5.6,31.99,1.5,2,1.9,-,-,-,-,-,-,-,-,B,50,25.3,8.2,5,32.96,4.3,2,1.5,-,-,-,-,-,-,-,-
OSK,KB14,342802,1345950,SM,1997,8,26,11:00,CL,3504,28,4,U,2,25.7,8.3,5.8,31.81,1.9,-,-,-,-,-,-,-,-,-,-,B,49.5,24.7,8.2,5.1,32.74,3.2,-,-,-,-,-,-,-,-,-,-
OSK,KB15,342342,1345950,SM,1997,9,1,14:30,UC,3703,31,7,U,2,26,8.3,6.4,31.79,0.6,1,2.1,-,-,-,-,-,-,-,-,B,42,25,8.2,5.2,33.01,3.3,2,1.6,-,-,-,-,-,-,-,-
OSK,KB16,341922,1345950,SM,1997,9,1,10:45,CL,3802,30,5,U,2,25.7,8.3,5.4,32.77,1.7,-,-,-,-,-,-,-,-,-,-,B,50,25.3,8.2,5.1,33.25,3.8,-,-,-,-,-,-,-,-,-,-
OSK,KB54,344012,1352046,SM,1997,8,25,8:40,CL,3106,28,1,U,2,27.1,8.3,3.6,27.9,3.6,3,4.4,0.29,0.053,0.012,0.018,<0.01,0.043,-,-,B,11,24.8,8.2,2.5,31.59,1.9,2,2.7,0.36,0.16,0.031,0.024,0.13,0.14,-,-
OSK,KB55,343642,1352046,SM,1997,8,25,9:00,CL,3106,27,1.5,U,2,26.7,8.4,6.7,29.93,1.9,-,-,-,-,-,-,-,-,-,-,B,13,25.1,8.2,2.4,31.5,0.8,-,-,-,-,-,-,-,-,-,-
OSK,KB56,343222,1352046,SM,1997,8,25,10:10,CL,3805,28,3,U,2,27.7,8.3,10.3,30.84,2.5,2,4.6,0.03,0.021,<0.005,<0.005,0.01,0.01,-,-,B,12.8,25.2,8.2,4.7,31.79,2.3,3,4.1,0.1,0.018,0.025,0.057,<0.01,0.013,-,-
OSK,KB57,344012,1351532,SM,1997,8,25,8:10,CL,3106,27,1.5,U,2,26.6,8.4,8.3,29.08,2.2,-,-,-,-,-,-,-,-,-,-,B,12,26,8.2,5.8,-,2.1,-,-,-,-,-,-,-,-,-,-
OSK,KB58,342342,1345436,SM,1997,9,1,14:00,UC,3802,29,5,U,2,26,8.3,5.7,31.86,4.4,-,-,-,-,-,-,-,-,-,-,B,27,25,8.2,5,32.44,6.9,-,-,-,-,-,-,-,-,-,-
OSK,KB59,341922,1345556,SM,1997,9,1,11:05,CL,3703,30,8,U,2,26.4,8.3,5.4,31.78,0.8,<1,1.9,-,-,-,-,-,-,-,-,B,31.7,25.3,8.2,5.2,33.12,3.2,2,1.4,-,-,-,-,-,-,-,-
HAR,KB17,343642,1345436,SM,1997,9,2,9:05,UC,3304,28,5,U,2,26,8.3,5.1,32.07,2.1,2,2.4,-,-,-,-,-,-,-,-,B,36.7,25.8,8.2,4.9,32.23,4,3,2.1,-,-,-,-,-,-,-,-
HAR,KB18,343642,1344922,SM,1997,9,2,9:30,UC,3304,30,5,U,2,26.5,8.3,5,31.52,3.1,-,-,-,-,-,-,-,-,-,-,B,24.8,26,8.2,4.9,31.97,6.2,-,-,-,-,-,-,-,-,-,-
HAR,KB19,343222,1344922,SM,1997,9,5,10:00,CL,3304,27,3,U,2,26.5,8.3,5,31.68,5,4,2.4,-,-,-,-,-,-,-,-,B,20.4,26.4,8.2,5,31.71,9,6,2,-,-,-,-,-,-,-,-
HAR,KB20,344452,1344408,SM,1997,9,5,7:30,CL,3106,24,2,U,2,26.4,8.3,4.6,30.98,3.5,3,2.6,-,-,-,-,-,-,-,-,B,10,26,8.2,3.8,31.19,7.6,5,2.2,-,-,-,-,-,-,-,-
HAR,KB21,344102,1344408,SM,1997,9,5,7:50,CL,3703,24,2,U,2,27.1,8.4,6.2,31.11,1.4,-,-,-,-,-,-,-,-,-,-,B,18.5,26.5,8.2,4.6,31.4,6.4,-,-,-,-,-,-,-,-,-,-
HAR,KB22,343642,1344408,SM,1997,9,2,10:00,UC,3703,30,6.5,U,2,27.9,8.3,6.5,-,0.7,2,1.8,-,-,-,-,-,-,-,-,B,25,26.3,8.2,4.9,-,5.3,4,1.5,-,-,-,-,-,-,-,-
HAR,KB23,343222,1344408,SM,1997,9,5,9:30,CL,3505,26,5,U,2,26.5,8.3,5.1,31.66,2.4,-,-,-,-,-,-,-,-,-,-,B,22.2,26.4,8.2,4.9,31.72,5.6,-,-,-,-,-,-,-,-,-,-
HAR,KB24,342802,1344408,SM,1997,9,8,15:10,UC,3802,29,7,U,2,26,8.3,5.7,31.56,0.9,3,1.8,-,-,-,-,-,-,-,-,B,29,26,8.2,5.1,31.76,4.9,3,1.8,-,-,-,-,-,-,-,-
HAR,KB25,342342,1344408,SM,1997,9,8,14:50,UC,3802,30,7,U,2,26,8.3,6,31.3,0.9,-,-,-,-,-,-,-,-,-,-,B,17,26,8.2,5.8,31.46,5.2,-,-,-,-,-,-,-,-,-,-
HAR,KB26,344452,1343854,SM,1997,9,5,7:00,CL,3106,22,2.5,U,2,26.5,8.3,4.8,30.76,2.8,-,-,-,-,-,-,-,-,-,-,B,4.7,26.4,8.2,3.8,30.99,4.4,-,-,-,-,-,-,-,-,-,-
HAR,KB27,344102,1343854,SM,1997,9,5,8:10,CL,3703,25,5,U,2,27,8.3,6,31.27,1,2,2.3,-,-,-,-,-,-,-,-,B,21.7,26.5,8.2,4.7,31.53,4.7,3,2,-,-,-,-,-,-,-,-
HAR,KB28,343642,1343854,SM,1997,9,5,8:40,CL,3703,25,7,U,2,26.9,8.3,6.1,31.36,1.2,-,-,-,-,-,-,-,-,-,-,B,31.4,26.3,8.2,4.5,31.66,6.2,-,-,-,-,-,-,-,-,-,-
HAR,KB29,343222,1343854,SM,1997,9,5,9:00,CL,3703,25,5,U,2,26.6,8.3,5.5,31.59,1.3,1,2.3,0.1,0.022,0.028,0.014,0.04,0.014,-,-,B,24.7,26.4,8.2,4.8,31.66,-,<1,2,0.2,0.028,0.04,0.032,0.03,0.026,-,-
HAR,KB30,342802,1343854,SM,1997,9,8,10:40,UC,4105,27,11,U,2,26.6,8.3,5.8,31.37,0.4,-,-,-,-,-,-,-,-,-,-,B,25.6,26.4,8.2,4.8,31.7,7.1,-,-,-,-,-,-,-,-,-,-
HAR,KB31,342342,1343854,SM,1997,9,8,11:00,UC,4105,27,11,U,2,26.6,8.3,5.9,31.42,0.7,2,2,-,-,-,-,-,-,-,-,B,29,26.5,8.2,4.9,31.56,3.7,2,1.8,-,-,-,-,-,-,-,-
HAR,KB32,341922,1343854,SM,1997,9,8,11:30,UC,4105,27,9,U,2,26.6,8.3,5.9,31.34,0.4,-,-,-,-,-,-,-,-,-,-,B,31.4,26.6,8.2,5.4,31.58,2,-,-,-,-,-,-,-,-,-,-
HAR,KB33,344452,1343340,SM,1997,9,4,16:10,UC,3106,29,3,U,2,27,8.3,5,30.9,1.4,1,2.8,0.04,0.041,0.008,<0.005,<0.01,0.026,-,-,B,11,25,8.2,2.3,31.15,4,2,2.3,0.17,0.06,<0.005,0.136,<0.01,0.047,-,-
HAR,KB34,344102,1343340,SM,1997,9,4,15:20,UC,3702,28,5,U,2,27,8.3,5.7,31.08,1,-,-,-,-,-,-,-,-,-,-,B,23,26,8.2,4,31.34,12.9,-,-,-,-,-,-,-,-,-,-
HAR,KB35,343642,1343340,SM,1997,9,4,10:00,CL,4105,28,12,U,2,27.4,8.3,6.1,31.33,0.9,2,2.5,-,-,-,-,-,-,-,-,B,35.6,26.2,8.2,4.5,31.71,7.8,2,2,-,-,-,-,-,-,-,-
HAR,KB36,343222,1343340,SM,1997,9,4,9:35,CL,4105,27,10,U,2,27.3,8.3,6.3,31.25,0.4,-,-,-,-,-,-,-,-,-,-,B,36.4,24.4,8.2,1.8,31.5,1.5,-,-,-,-,-,-,-,-,-,-
HAR,KB37,342802,1343340,SM,1997,9,3,10:50,UC,4105,28,6,U,2,27.7,8.3,6.1,31.12,0.3,1,2.4,-,-,-,-,-,-,-,-,B,36.7,24.7,8.2,2.4,31.46,2.8,2,2.1,-,-,-,-,-,-,-,-
HAR,KB38,342342,1343340,SM,1997,9,3,11:20,UC,4105,28,10,U,2,27.7,8.3,6.2,31.23,0.5,-,-,-,-,-,-,-,-,-,-,B,36.2,26.1,8.2,5.2,31.44,0.7,-,-,-,-,-,-,-,-,-,-
HAR,KB39,341922,1343340,SM,1997,9,3,11:50,UC,4105,28,11,U,2,27.2,8.3,5.8,31.38,0.7,1,2.2,-,-,-,-,-,-,-,-,B,30.7,26.2,8.2,4.4,31.64,4.4,2,1.9,-,-,-,-,-,-,-,-
HAR,KB40,341502,1343340,SM,1997,9,3,14:10,UC,3703,30,5,U,2,27,8.3,6.6,31.13,0.7,-,-,-,-,-,-,-,-,-,-,B,30,26,8.2,4.6,31.6,2.1,-,-,-,-,-,-,-,-,-,-
HAR,KB41,344422,1342826,SM,1997,9,4,15:50,UC,3106,29,3,U,2,27,8.3,5.1,30.86,2,-,-,-,-,-,-,-,-,-,-,B,8,26,8.2,2.7,31,3.5,-,-,-,-,-,-,-,-,-,-
HAR,KB42,344102,1342826,SM,1997,9,4,14:50,UC,3502,28,7,U,2,27,8.3,6,30.98,1.1,<1,2.4,-,-,-,-,-,-,-,-,B,22,26,8.2,4,31.37,15.3,3,2.1,-,-,-,-,-,-,-,-
HAR,KB43,343712,1342826,SM,1997,9,4,10:25,CL,4105,27,12,U,2,27.3,8.3,5.9,31.42,0.4,-,-,-,-,-,-,-,-,-,-,B,33.2,25.9,8.2,4.1,31.59,11.8,-,-,-,-,-,-,-,-,-,-
HAR,KB44,343222,1342826,SM,1997,9,4,9:10,CL,4105,27,12,U,2,27.2,8.3,6.1,31.25,0.4,<1,2.3,-,-,-,-,-,-,-,-,B,37.3,23.8,8.2,1.5,31.71,2.5,1,1.9,-,-,-,-,-,-,-,-
HAR,KB45,342802,1342826,SM,1997,9,3,16:00,UC,4105,29,4,U,2,27,8.3,5.7,31.21,0.6,-,-,-,-,-,-,-,-,-,-,B,36,23,8.2,1.2,31.6,1.7,-,-,-,-,-,-,-,-,-,-
HAR,KB46,342342,1342826,SM,1997,9,3,15:30,UC,4105,28,8,U,2,27,8.3,6.4,31.16,0.4,2,2.1,-,-,-,-,-,-,-,-,B,35,24,8.2,2.9,31.66,1.9,<1,1.8,-,-,-,-,-,-,-,-
HAR,KB47,341922,1342826,SM,1997,9,3,15:00,UC,4105,30,9,U,2,27,8.3,6.3,31.24,0.4,-,-,-,-,-,-,-,-,-,-,B,31,24,8.1,1.6,31.62,5.5,-,-,-,-,-,-,-,-,-,-
HAR,KB48,341502,1342826,SM,1997,9,3,14:30,UC,4105,31,10,U,2,27,8.3,6.4,31.22,0.3,<1,2.3,0.01,0.016,<0.005,<0.005,<0.01,0.004,-,-,B,29,26,8.2,4.2,31.62,3.9,2,1.8,0.09,0.038,0.018,0.072,<0.01,0.029,-,-
HAR,KB49,344102,1342312,SM,1997,9,4,11:20,CL,3703,27,3,U,2,27.2,8.4,5.9,30.81,2.4,-,-,-,-,-,-,-,-,-,-,B,10.7,26.2,8.2,4,31.19,7.6,-,-,-,-,-,-,-,-,-,-
HAR,KB50,343642,1342312,SM,1997,9,4,10:50,CL,3703,27,8,U,2,27.1,8.4,5.9,30.99,0.7,1,2.2,-,-,-,-,-,-,-,-,B,30.3,25.4,8.2,4,31.54,3.8,<1,1.8,-,-,-,-,-,-,-,-
HAR,KB51,343222,1342312,SM,1997,9,4,8:40,CL,3703,27,7,U,2,27.1,8.3,6,30.59,0.9,-,-,-,-,-,-,-,-,-,-,B,24.3,26,8.2,4.6,31.24,0.9,-,-,-,-,-,-,-,-,-,-
HAR,KB52,342802,1342312,SM,1997,9,3,16:20,UC,3703,30,7,U,2,27,8.3,6.1,31.06,0.7,1,2.2,-,-,-,-,-,-,-,-,B,28,24,8.2,2.7,31.43,5.3,4,1.8,-,-,-,-,-,-,-,-
HAR,KB60,344102,1344922,SM,1997,9,2,10:30,UC,3304,30,3,U,2,26.6,8.3,4.6,31.05,6.2,5,2.4,-,-,-,-,-,-,-,-,B,13,26.5,8.2,4.3,31.07,7.3,6,2.2,-,-,-,-,-,-,-,-
BS1,SD01,342445,1332539,SM,1997,8,26,13:30,CL,3106,28.2,3.4,U,2,27.5,8,8.2,31.31,3.3,-,-,-,-,-,-,-,-,-,-,B,5,27.2,8,7.1,31.4,2.9,-,-,-,-,-,-,-,-,-,-
BS1,SD02,342552,1332951,SM,1997,8,26,11:47,CL,3505,27.6,4,U,2,26.8,8,5,31.53,2.8,6,1.9,-,-,-,-,-,-,-,-,B,13,26.4,8,4.5,31.81,4.5,6,1.8,-,-,-,-,-,-,-,-
BS1,SD04,342552,1333505,SM,1997,8,26,11:06,CL,3304,27.1,4,U,2,27.5,8.1,7.5,31.25,3.4,-,-,-,-,-,-,-,-,-,-,B,9,26.5,8,4.6,31.74,9.3,-,-,-,-,-,-,-,-,-,-
BS1,SD07,343012,1333955,SM,1997,8,26,10:22,CL,3304,26.7,2.2,U,2,28.4,-,6.6,30.42,7.9,-,-,-,-,-,-,-,-,-,-,B,4,27.8,-,6.7,30.77,10.1,-,-,-,-,-,-,-,-,-,-
BS1,SD08,342552,1334019,SM,1997,8,26,9:42,CL,3304,25.3,2.5,U,2,26.8,-,5.5,31.42,7.5,8,2.1,0.29,0.046,0.042,0.06,0.04,0.026,-,-,B,4,26.8,-,5.7,31.5,9,8,1.8,0.25,0.046,0.043,0.072,0.02,0.027,-,-
BS1,SD11,342552,1334532,SM,1997,8,26,9:06,CL,3304,27,3.4,U,2,27.1,-,5.8,31.07,4.5,-,-,-,-,-,-,-,-,-,-,B,9,26.9,-,5.3,31.36,6,-,-,-,-,-,-,-,-,-,-
BS2,SD18,343432,1340628,SM,1997,8,28,15:24,CL,3106,30.2,2.6,U,2,27.7,8.1,7.3,29.78,5,-,-,-,-,-,-,-,-,-,-,B,18,26,7.9,4,30.82,26,-,-,-,-,-,-,-,-,-,-
BS2,SD21,343852,1341142,SM,1997,8,28,14:08,CL,3106,29.6,2.6,U,2,27.2,8.2,8,30.76,3.2,-,-,-,-,-,-,-,-,-,-,B,4,26.7,8,6.6,30.74,21.7,-,-,-,-,-,-,-,-,-,-
BS2,SD22,343432,1341142,SM,1997,8,28,14:49,CL,3106,31,2.5,U,2,27.2,8.1,8.2,30.14,4.4,9,2.9,0.28,0.05,0.015,0.038,0.01,0.016,-,-,B,19,25.7,7.9,4.1,30.93,21.5,15,2.3,0.23,0.065,0.017,0.141,<0.01,0.03,-,-
BS2,SD23,342552,1341142,SM,1997,8,28,9:53,CL,3703,30,4,U,2,26.5,8,5.9,30.91,3.5,8,2.6,0.11,0.037,0.006,0.013,0.01,0.016,-,-,B,16,26.3,8,5.6,30.96,3.1,7,1.9,0.19,0.038,0.012,0.056,0.01,0.021,-,-
BS2,SD24,343852,1341656,SM,1997,8,28,13:35,CL,3106,29.4,4.4,U,2,27.8,8.2,8.2,30.45,2.6,8,3.5,-,-,-,-,-,-,-,-,B,8,26.4,8,5.3,30.67,5.7,10,2.6,-,-,-,-,-,-,-,-
BS2,SD25,343432,1341656,SM,1997,8,28,11:34,CL,3505,28,5.8,U,2,27.4,8.1,8.5,30.41,2.4,-,-,-,-,-,-,-,-,-,-,B,26,25.1,7.9,3.3,31.29,6.6,-,-,-,-,-,-,-,-,-,-
BS1,SD48,341712,1331923,SM,1997,8,26,14:35,CL,3805,30.2,11,U,2,27.6,8.1,6.4,32.01,1.2,4,2.2,0.15,0.02,<0.005,<0.005,<0.01,0.003,-,-,B,15,25.8,8,6.3,32.26,3.2,5,1.9,0.07,0.037,<0.005,<0.005,0.01,0.018,-,-
HIU,SD54,341312,1332437,SM,1997,8,25,11:01,CL,3703,26.6,13,U,2,27.3,8.1,6.4,32.22,1.2,6,1.8,-,-,-,-,-,-,-,-,B,17,24.1,7.7,2.6,32.46,5,7,2,-,-,-,-,-,-,-,-
HIU,SD55,340852,1332437,SM,1997,8,25,11:36,CL,3505,26.9,10.5,U,2,27.4,8.1,6.7,32.12,1.3,-,-,-,-,-,-,-,-,-,-,B,14,25.4,8,7,32.27,3.7,-,-,-,-,-,-,-,-,-,-
HIU,SD58,341312,1332951,SM,1997,8,25,10:25,CL,3505,26.3,11.9,U,2,27.2,8.1,6.7,32.08,1.5,-,-,-,-,-,-,-,-,-,-,B,19,23.7,-,3,32.52,3.9,-,-,-,-,-,-,-,-,-,-
HIU,SD59,340852,1332951,SM,1997,8,25,13:39,CL,3805,29.8,11.5,U,2,27.5,8.1,7.1,32.04,1.5,5,1.4,-,-,-,-,-,-,-,-,B,16,25,7.9,3.7,32.33,4.5,5,1.8,-,-,-,-,-,-,-,-
HIU,SD62,341312,1333505,SM,1997,8,25,15:34,CL,3505,29.1,12.5,U,2,27.6,8.1,6.9,32.1,1.3,4,1.9,-,-,-,-,-,-,-,-,B,14,25.7,8,9,32.27,2.5,7,1.8,-,-,-,-,-,-,-,-
HIU,SD63,340852,1333505,SM,1997,8,25,14:59,CL,3505,29.7,13.2,U,2,28.6,8.1,7,32,1.1,-,-,-,-,-,-,-,-,-,-,B,20,24.9,8,5.8,32.38,2,-,-,-,-,-,-,-,-,-,-
HIU,SD64,340432,1333505,SM,1997,8,25,14:24,CL,3805,30,13.7,U,2,28.7,8.1,6.6,32.14,1.1,4,1.4,-,-,-,-,-,-,-,-,B,18,25.1,8.1,7.9,32.37,2,6,1.8,-,-,-,-,-,-,-,-
HIU,MY40,340432,1330341,SM,1997,8,27,8:55,CL,3505,26,7,U,2,26.4,8,5.6,32.25,1.6,1,2.3,0.18,0.012,<0.005,<0.005,0.05,0.005,-,-,B,33,25.8,7.9,5.7,32.43,3,2,2.4,0.2,0.005,0.008,0.013,0.03,0.003,-,-
HIU,MY41,340852,1330855,SM,1997,8,27,12:30,CL,3505,30,7,U,2,27,8,6.1,32.17,1.5,<1,2.6,-,-,-,-,-,-,-,-,B,18,26.3,7.9,5.3,32.21,3.9,1,2.4,-,-,-,-,-,-,-,-
HIU,MY42,340432,1330855,SM,1997,8,27,9:37,CL,3805,27,13.5,U,2,27.6,8,5.5,31.99,0.5,-,-,-,-,-,-,-,-,-,-,B,31,26,7.9,9.7,32.32,3.6,-,-,-,-,-,-,-,-,-,-
HIU,MY43,340012,1330855,SM,1997,8,26,9:37,CL,3805,26,10,U,2,27.9,8,7.1,31.99,0.7,<1,2.3,-,-,-,-,-,-,-,-,B,10,26.5,7.7,8.6,32.2,4.6,3,2.4,-,-,-,-,-,-,-,-
HIU,MY45,340852,1331409,SM,1997,8,27,11:57,CL,3805,29,13.5,U,2,27.8,8,5.9,32.04,0.2,-,-,-,-,-,-,-,-,-,-,B,21,25.9,7.9,6.4,32.19,4.8,-,-,-,-,-,-,-,-,-,-
HIU,MY46,340432,1331409,SM,1997,8,27,10:12,CL,4105,27,14,U,2,27.9,8,5.9,32.07,0.4,<1,2.4,-,-,-,-,-,-,-,-,B,26,25.5,7.9,4.4,32.32,4.5,2,2.5,-,-,-,-,-,-,-,-
HIU,MY47,340012,1331409,SM,1997,8,26,10:15,CL,3805,26,11,U,2,27.9,8,7.1,32.09,0.5,-,-,-,-,-,-,-,-,-,-,B,13,25.9,7.9,9.2,32.24,5.7,-,-,-,-,-,-,-,-,-,-
HIU,MY50,340852,1331923,SM,1997,8,27,11:22,CL,3805,27,9,U,2,27.3,8,6.2,32.08,0.6,<1,2.6,0.15,0.008,<0.005,<0.005,0.04,0.003,-,-,B,15,26.6,7.9,8.1,32.11,0.7,<1,2.2,0.21,0.016,<0.005,0.01,0.03,0.004,-,-
HIU,MY51,340432,1331923,SM,1997,8,27,10:50,CL,4105,27,16,U,2,28,8,5.7,32.09,0.2,-,-,-,-,-,-,-,-,-,-,B,18,25.4,7.9,6.8,32.34,3.5,-,-,-,-,-,-,-,-,-,-
HIU,MY52,340022,1331923,SM,1997,8,26,10:45,CL,3805,26,4.5,U,2,27.7,8,6.5,32.04,2.8,1,2.6,-,-,-,-,-,-,-,-,B,13,25.5,7.9,5.4,32.29,9.4,6,2.6,-,-,-,-,-,-,-,-
HIU,MY56,340432,1332437,SM,1997,8,26,13:15,CL,3805,30,11,U,2,27.5,8,6.3,32.04,0.6,<1,2.5,0.14,0.012,<0.005,<0.005,0.03,0.004,-,-,B,17,26.3,7.9,7.7,32.1,1.2,<1,2.5,0.25,0.02,<0.005,<0.005,0.07,0.006,-,-
HIU,MY57,340012,1332437,SM,1997,8,26,11:28,CL,3805,26,12,U,2,28.2,8,6.5,32.06,0.5,-,-,-,-,-,-,-,-,-,-,B,12,26,8,5.6,32.25,2.3,-,-,-,-,-,-,-,-,-,-
HIU,MY60,340432,1332951,SM,1997,8,26,12:05,CL,3805,26,12,U,2,28.1,8,6.3,32.09,0.4,-,-,-,-,-,-,-,-,-,-,B,14,25.4,7.8,6.5,32.36,5,-,-,-,-,-,-,-,-,-,-
HIU,MY61,340012,1332951,SM,1997,8,26,12:40,CL,4105,27,12,U,2,27.9,8,6,32.1,0.2,<1,2.6,-,-,-,-,-,-,-,-,B,17,25.4,7.9,8.1,32.31,1.5,3,2.9,-,-,-,-,-,-,-,-
AKI,HS12,341312,1323639,SM,1997,9,3,9:00,UC,3504,27,2.2,U,2,26.3,7.9,5.9,32.26,5.9,2,4.1,-,-,-,-,-,-,-,-,B,5.4,25.9,-,5.8,32.46,5.3,6,2.3,-,-,-,-,-,-,-,-
AKI,HS13,340852,1323341,SM,1997,9,3,14:30,UC,3502,29,3.8,U,2,26,8,5.9,32.45,4.3,5,1.8,0.2,0.022,0.007,0.005,0.02,0.011,-,-,B,13,25.7,7.9,5.9,32.51,5.7,6,1.8,0.18,0.022,0.011,0.007,0.01,0.01,-,-
AKI,HS21,341312,1324923,SM,1997,9,3,13:05,UC,3502,27,4.6,U,2,25.8,8,6,32.51,2.8,3,1.9,0.15,0.017,0.011,0.005,0.01,0.008,-,-,B,19.3,25.7,7.9,5.8,32.53,4.5,5,1.9,0.13,0.018,0.013,0.007,0.01,0.008,-,-
AKI,HS22,341832,1325437,SM,1997,9,3,10:45,UC,3502,31,4.6,U,2,26.4,8,6,32.4,5.4,7,2.4,0.23,0.02,0.012,<0.005,0.01,0.007,-,-,B,31.1,26.3,7.8,6,32.4,12.2,15,2.2,0.24,0.027,0.014,0.007,0.01,0.008,-,-
AKI,HS33,340012,1324409,SM,1997,8,25,11:15,CL,3805,26,6,U,2,24.6,8,6.5,32.69,1.5,1,2.1,0.18,0.011,<0.005,0.013,0.06,0.004,-,-,B,42,24.2,8,6.9,32.71,3.5,3,2.3,0.27,0.004,0.008,0.025,0.08,0.003,-,-
HRS,HS01,341312,1321759,SM,1997,9,5,10:56,UC,3510,25,4.7,U,2,25.5,7.9,6.3,31.19,1.2,2,2.3,-,-,-,-,-,-,-,-,B,19.6,24.2,-,4.9,32.26,1,2,1.9,-,-,-,-,-,-,-,-
HRS,HS02,340852,1321759,SM,1997,9,5,10:20,UC,3510,24,7.6,U,2,25.3,7.9,5.8,32.02,0.9,-,-,-,-,-,-,-,-,-,-,B,27.2,23.7,-,3.6,32.33,1.8,-,-,-,-,-,-,-,-,-,-
HRS,HS03,340432,1321759,SM,1997,9,4,10:00,CL,3702,26,10.8,U,2,25.9,8,6.5,31.6,0.6,16,3.3,-,-,-,-,-,-,-,-,B,26.9,23.4,-,2.7,32.33,5.7,8,2.3,-,-,-,-,-,-,-,-
HRS,HS04,341732,1322313,SM,1997,9,5,13:40,UC,3510,27,4.2,U,2,25.2,7.9,6.4,31.04,1.2,2,3.1,-,-,-,-,-,-,-,-,B,22.2,24.1,-,4.3,32.15,10.9,7,2.1,-,-,-,-,-,-,-,-
HRS,HS05,341312,1322313,SM,1997,9,5,11:30,UC,3510,28,7.2,U,2,25.2,7.9,5.7,32.17,1,-,-,-,-,-,-,-,-,-,-,B,30.1,24.4,-,4.4,32.42,3.1,-,-,-,-,-,-,-,-,-,-
HRS,HS06,340852,1322313,SM,1997,9,5,9:45,UC,3510,24,5.8,U,2,25,7.9,5.4,32.24,1.4,2,2.1,-,-,-,-,-,-,-,-,B,40.7,24.4,-,4.5,32.49,11.4,9,1.9,-,-,-,-,-,-,-,-
HRS,HS07,340432,1322313,SM,1997,9,4,9:30,CL,3702,26,6.8,U,2,25,8,5.8,32.42,1.5,-,-,-,-,-,-,-,-,-,-,B,19.2,24.8,7.9,5.6,32.53,2.5,-,-,-,-,-,-,-,-,-,-
HRS,HS08,341732,1322827,SM,1997,9,5,14:20,UC,3805,26.5,3.7,U,2,25.2,-,5.7,31.07,1.3,-,-,-,-,-,-,-,-,-,-,B,14,23.8,-,2.7,31.96,2.8,-,-,-,-,-,-,-,-,-,-
HRS,HS09,341312,1322959,SM,1997,9,5,15:00,UC,3805,27,5.9,U,2,25.9,-,5.8,31.21,1.1,3,2.6,0.27,0.022,<0.005,<0.005,0.02,0.008,-,-,B,17.4,23.3,-,1.8,31.78,1.4,6,1.9,0.42,0.062,0.007,0.114,0.06,0.053,-,-
HRS,HS10,340432,1322827,SM,1997,9,4,14:35,CL,3702,29,6.7,U,2,25,8,6.1,32.55,2.2,4,1.9,0.13,0.02,0.013,0.009,0.01,0.013,-,-,B,22.8,24.8,7.9,5.6,32.61,4.6,5,1.7,0.16,0.023,0.018,0.014,0.01,0.012,-,-
HRS,HS11,340012,1322827,SM,1997,9,4,14:00,CL,3702,27.5,7.8,U,2,25.1,8,5.5,32.46,1.3,-,-,-,-,-,-,-,-,-,-,B,40.8,24.5,7.9,5.9,32.63,3.8,-,-,-,-,-,-,-,-,-,-
HRS,HS24,340432,1321245,SM,1997,9,4,10:35,CL,3502,26.5,4.7,U,2,26.6,7.9,6.8,30.94,1.6,-,-,-,-,-,-,-,-,-,-,B,9.7,25.3,-,5.9,31.82,1.4,-,-,-,-,-,-,-,-,-,-
HRS,HS25,340012,1321759,SM,1997,9,4,11:18,CL,3702,28.5,8.4,U,2,26.1,8,6.2,31.36,0.8,-,-,-,-,-,-,-,-,-,-,B,22.1,24.4,-,5,32.26,1.8,-,-,-,-,-,-,-,-,-,-
HRS,HS26,340012,1322313,SM,1997,9,4,13:20,CL,3802,28,9.7,U,2,25.9,8,6.8,31.88,0.6,1,2.3,0.15,0.021,<0.005,<0.005,0.01,0.009,-,-,B,26.8,24.7,7.9,5.4,32.51,2.4,2,1.7,0.15,0.028,<0.005,0.018,0.01,0.019,-,-
IY1,MY12,333832,1321245,SM,1997,9,4,11:53,CL,4105,28,17,U,2,26.4,8,5.6,33.01,0.2,<1,1.6,0.23,0.01,<0.005,<0.005,0.03,0.04,-,-,B,50,23.1,8,5.1,33.44,2.7,1,1.2,0.27,0.019,0.009,0.014,<0.01,0.009,-,-
IY2,MY24,334712,1323855,SM,1997,9,4,14:40,CL,3304,27,6,U,2,25,8,5.8,32.93,5.3,3,1.7,0.33,0.021,<0.005,0.006,0.02,0.008,-,-,B,14,24.1,-,5.1,33.04,23.3,14,2.7,0.42,0.04,0.008,0.014,<0.01,0.019,-,-
IY2,MY26,335132,1323341,SM,1997,9,4,9:27,CL,3505,26,6.5,U,2,24.8,8,5.6,32.96,1.4,1,2.2,0.17,0.03,<0.005,0.006,0.04,0.008,-,-,B,50,23.9,8,4.9,33.14,1.7,1,2.4,0.32,0.032,0.009,0.015,0.06,0.01,-,-
KIS,WY01,341312,1350504,FL,1997,10,17,14:20,CL,3505,23,4,U,2,23,8.3,6.5,33.16,1.1,-,-,-,-,-,-,-,-,-,-,B,31,23,8.2,5.6,34,3.1,-,-,-,-,-,-,-,-,-,-
KIS,WY02,341312,1345950,FL,1997,10,17,14:50,CL,3505,23,4,U,2,23,8.3,6,33.02,2.1,-,-,-,-,-,-,-,-,-,-,B,44,23,8.2,5.9,33.48,3.4,-,-,-,-,-,-,-,-,-,-
KIS,WY03,341312,1345436,FL,1997,10,17,15:20,CL,3703,21,9,U,2,23,8.3,6.1,32.98,0.7,-,-,-,-,-,-,-,-,-,-,B,49,23,8.2,6.2,33.34,1.6,-,-,-,-,-,-,-,-,-,-
KIS,WY05,340852,1350504,FL,1997,10,17,12:20,UC,4105,22,9,U,2,23.4,8.3,6.5,33.36,0.5,-,-,-,-,-,-,-,-,-,-,B,41,23.6,8.2,5.7,33.85,2.8,-,-,-,-,-,-,-,-,-,-
KIS,WY06,340852,1345950,FL,1997,10,17,11:50,UC,3703,21,8,U,2,23.1,8.3,6.1,33.18,0.9,-,-,-,-,-,-,-,-,-,-,B,50,22.6,8.2,5.6,34.29,2.7,-,-,-,-,-,-,-,-,-,-
KIS,WY07,340852,1345436,FL,1997,10,17,11:20,UC,3703,20,8,U,2,23.2,8.3,6,33.09,1.1,-,-,-,-,-,-,-,-,-,-,B,50,23.8,8.2,6.4,34.05,0.5,-,-,-,-,-,-,-,-,-,-
KIS,WY08,340852,1344922,FL,1997,10,17,10:50,SL,4105,19,10,U,2,23.1,8.3,6.2,33.06,0.7,-,-,-,-,-,-,-,-,-,-,B,47,23.3,8.2,6.4,33.24,1.6,-,-,-,-,-,-,-,-,-,-
KIS,WY09,340852,1344408,FL,1997,10,17,10:30,SL,3703,18,7,U,2,23,8.3,6.4,32.02,1.2,-,-,-,-,-,-,-,-,-,-,B,22,23.7,8.2,5.6,33.1,4.5,-,-,-,-,-,-,-,-,-,-
KIS,WY10,340852,1343854,FL,1997,10,17,10:10,SL,3703,18,6,U,2,22.4,8.3,6.7,31.96,1.4,-,-,-,-,-,-,-,-,-,-,B,12,22.6,8.2,6.7,32.1,1.6,-,-,-,-,-,-,-,-,-,-
KIS,WY11,340432,1345950,FL,1997,10,16,11:30,CL,4105,20,7,U,2,23.4,8.3,6.8,33.31,0.5,-,-,-,-,-,-,-,-,-,-,B,50,22.6,8.2,5.7,34.31,0.8,-,-,-,-,-,-,-,-,-,-
KIS,WY12,340432,1345436,FL,1997,10,16,11:00,CL,4105,20,7,U,2,23.3,8.3,6.7,-,0.6,-,-,-,-,-,-,-,-,-,-,B,50,22.4,8.2,5.4,-,1.9,-,-,-,-,-,-,-,-,-,-
KIS,WY13,340432,1344922,FL,1997,10,16,10:30,CL,4105,19,8,U,2,23.2,8.3,6.3,33.01,0.8,-,-,-,-,-,-,-,-,-,-,B,50,23.7,8.2,6.7,33.42,4.5,-,-,-,-,-,-,-,-,-,-
KIS,WY14,340432,1344408,FL,1997,10,16,10:10,CL,3703,19,7,U,2,23,8.3,6.7,32.21,1.1,-,-,-,-,-,-,-,-,-,-,B,33,24.1,8.2,5.4,33.43,4.8,-,-,-,-,-,-,-,-,-,-
KIS,WY15,340432,1343854,FL,1997,10,16,9:40,CL,3703,19,5,U,2,22.7,8.3,6.8,32.15,2.1,-,-,-,-,-,-,-,-,-,-,B,17,22.8,8.2,6.9,32.21,2.3,-,-,-,-,-,-,-,-,-,-
KIS,WY16,340012,1350504,FL,1997,10,16,14:05,CL,4102,20,7,U,2,23,8.3,6.7,33.24,0.9,-,-,-,-,-,-,-,-,-,-,B,39,23,8.2,6.1,34.02,0.9,-,-,-,-,-,-,-,-,-,-
KIS,WY17,340012,1345950,FL,1997,10,16,14:30,CL,3703,20,9,U,2,23,8.3,6.6,33.28,0.7,-,-,-,-,-,-,-,-,-,-,B,48,23,8.2,5.9,34.17,0.5,-,-,-,-,-,-,-,-,-,-
KIS,WY18,340012,1345436,FL,1997,10,16,15:00,CL,3703,20,7,U,2,23,8.3,6.4,33.05,0.7,-,-,-,-,-,-,-,-,-,-,B,49,23,8.2,4.8,34.25,2.1,-,-,-,-,-,-,-,-,-,-
KIS,WY19,340012,1344922,FL,1997,10,16,15:20,CL,3703,20,7,U,2,23,8.3,6.4,32.6,0.6,-,-,-,-,-,-,-,-,-,-,B,49,23,8.2,6.6,33.28,1.2,-,-,-,-,-,-,-,-,-,-
KIS,WY20,340012,1344408,FL,1997,10,16,15:50,CL,3703,20,7,U,2,22,8.3,7.1,32.19,0.9,-,-,-,-,-,-,-,-,-,-,B,39,23,8.2,6.2,33.23,5.5,-,-,-,-,-,-,-,-,-,-
KIS,WY21,335552,1345950,FL,1997,10,15,11:30,CL,4105,22,9,U,2,23.6,8.3,6.8,33.22,0.4,-,-,-,-,-,-,-,-,-,-,B,50,23.1,8.2,6.2,34.21,0.4,-,-,-,-,-,-,-,-,-,-
KIS,WY22,335552,1345436,FL,1997,10,15,14:50,CL,4105,22,8,U,2,22.2,8.3,6.9,33.45,0.3,-,-,-,-,-,-,-,-,-,-,B,50,23.1,8.2,5.8,34.13,0.5,-,-,-,-,-,-,-,-,-,-
KIS,WY23,335552,1344922,FL,1997,10,15,15:20,CL,4105,21,9,U,2,22.1,8.4,7.1,33.51,0.1,-,-,-,-,-,-,-,-,-,-,B,50,23,8.2,6.4,34.22,0.5,-,-,-,-,-,-,-,-,-,-
KIS,WY24,335552,1344408,FL,1997,10,15,17:00,CL,4105,20,6,U,2,22,8.3,7.2,33.24,0.2,-,-,-,-,-,-,-,-,-,-,B,40,23.2,8.2,6.4,34.12,0.5,-,-,-,-,-,-,-,-,-,-
KIS,WY26,335132,1345950,FL,1997,10,15,13:50,CL,4105,20,8,U,2,23,8.3,6.7,33.32,1.4,-,-,-,-,-,-,-,-,-,-,B,48,23,8.2,6.8,34.07,0.2,-,-,-,-,-,-,-,-,-,-
KIS,WY27,335132,1345436,FL,1997,10,15,14:30,CL,4105,21,9,U,2,22.8,8.3,6.7,33.24,0.3,-,-,-,-,-,-,-,-,-,-,B,50,23.1,8.2,6.1,34.11,0.5,-,-,-,-,-,-,-,-,-,-
KIS,WY28,335132,1344922,FL,1997,10,15,15:50,CL,4105,21,8,U,2,22.3,8.4,7.1,33.28,0.8,-,-,-,-,-,-,-,-,-,-,B,50,23.2,8.2,6.4,34.24,0.6,-,-,-,-,-,-,-,-,-,-
KIS,WY35,340012,1343854,FL,1997,10,15,16:50,CL,3505,20,4,U,2,22,8.3,7.2,32.15,1.2,-,-,-,-,-,-,-,-,-,-,B,23,23,8.2,6.4,32.5,4,-,-,-,-,-,-,-,-,-,-
KIS,WY36,335132,1344408,FL,1997,10,15,16:20,CL,4105,21,7,U,2,22.4,8.3,7.2,33.31,0.7,-,-,-,-,-,-,-,-,-,-,B,34,23.1,8.2,6.5,34.15,0.9,-,-,-,-,-,-,-,-,-,-
OSK,KB01,343642,1351532,FL,1997,10,13,9:30,CL,3510,18,3,U,2,22.6,8.4,8.1,31.95,3,-,-,-,-,-,-,-,-,-,-,B,16,22.7,8.2,8.5,31.99,3.1,-,-,-,-,-,-,-,-,-,-
OSK,KB02,343222,1351532,FL,1997,10,13,10:00,CL,3505,19,4.5,U,2,22.5,8.4,8,31.93,2,-,-,-,-,-,-,-,-,-,-,B,16,22.7,8.2,8,32.08,3.7,-,-,-,-,-,-,-,-,-,-
OSK,KB03,342902,1351532,FL,1997,10,13,11:00,CL,3304,18,4,U,2,22.5,8.4,7.3,31.83,2.1,-,-,-,-,-,-,-,-,-,-,B,15,22.7,8.2,6.9,32.19,6.1,-,-,-,-,-,-,-,-,-,-
OSK,KB05,343642,1351018,FL,1997,10,14,8:20,CL,3502,20,4,U,2,22,8.3,7.5,-,2.5,-,-,-,-,-,-,-,-,-,-,B,16,22,8.2,7.9,-,3.8,-,-,-,-,-,-,-,-,-,-
OSK,KB06,343222,1351018,FL,1997,10,14,9:35,CL,3703,21,6,U,2,23,8.3,6.3,32.12,1,-,-,-,-,-,-,-,-,-,-,B,38,23,8.2,6.2,32.18,2.2,-,-,-,-,-,-,-,-,-,-
OSK,KB07,342902,1351018,FL,1997,10,14,10:10,CL,3304,22,4,U,2,22.6,8.3,7.9,32.04,2,-,-,-,-,-,-,-,-,-,-,B,28,22.7,8.2,7.2,32.1,3.4,-,-,-,-,-,-,-,-,-,-
OSK,KB08,342342,1351018,FL,1997,10,20,9:20,CL,3504,23,3,U,2,22.5,8.3,6.7,32.03,3.6,-,-,-,-,-,-,-,-,-,-,B,15,22.4,8.2,6.6,32.03,6.6,-,-,-,-,-,-,-,-,-,-
OSK,KB09,343642,1350504,FL,1997,10,14,8:40,CL,3802,21,6,U,2,23,8.3,6.1,32.29,2.5,-,-,-,-,-,-,-,-,-,-,B,25,23,8.2,6.2,32.27,2.1,-,-,-,-,-,-,-,-,-,-
OSK,KB10,343222,1350504,FL,1997,10,14,9:05,CL,3304,21,3,U,2,23,8.3,6.3,32.05,3.7,-,-,-,-,-,-,-,-,-,-,B,43,23,8.2,6.3,32.18,3.5,-,-,-,-,-,-,-,-,-,-
OSK,KB11,342802,1350504,FL,1997,10,14,10:45,CL,3802,21,5,U,2,23.3,8.4,6.4,32.21,1.5,-,-,-,-,-,-,-,-,-,-,B,35,23.5,8.2,6,32.51,5.2,-,-,-,-,-,-,-,-,-,-
OSK,KB12,342342,1350504,FL,1997,10,20,14:20,CL,3304,24,4,U,2,22,8.3,6.6,32.14,2.1,-,-,-,-,-,-,-,-,-,-,B,36,23,8.2,6.2,33.02,6,-,-,-,-,-,-,-,-,-,-
OSK,KB13,341922,1350504,FL,1997,10,20,9:50,CL,3504,23,5,U,2,22.9,8.3,6.1,32.85,1.4,-,-,-,-,-,-,-,-,-,-,B,43,23,8.2,6.4,33.04,3.8,-,-,-,-,-,-,-,-,-,-
OSK,KB14,342802,1345950,FL,1997,10,14,11:10,CL,3703,21,6,U,2,22.8,8.3,7.2,32.09,1.3,-,-,-,-,-,-,-,-,-,-,B,50,23.6,8.2,6.3,32.66,1.3,-,-,-,-,-,-,-,-,-,-
OSK,KB15,342342,1345950,FL,1997,10,20,13:50,CL,3802,26,3,U,2,22,8.3,6,33.22,4,-,-,-,-,-,-,-,-,-,-,B,43,22,8.2,6.1,33.25,14.4,-,-,-,-,-,-,-,-,-,-
OSK,KB16,341922,1345950,FL,1997,10,20,10:25,CL,3504,24,5,U,2,22.9,8.3,5.8,33.19,2.3,-,-,-,-,-,-,-,-,-,-,B,49,22.8,8.2,6.2,33.32,6.7,-,-,-,-,-,-,-,-,-,-
OSK,KB54,344012,1352046,FL,1997,10,13,8:40,CL,3106,16,1.5,U,2,21.9,8.5,9.7,28.42,5,-,-,-,-,-,-,-,-,-,-,B,10,22.2,8.2,8.5,30.98,2.8,-,-,-,-,-,-,-,-,-,-
OSK,KB55,343642,1352046,FL,1997,10,13,9:00,CL,3106,16,2,U,2,21.9,8.4,8.6,30.61,2.9,-,-,-,-,-,-,-,-,-,-,B,13,22.6,8.2,7.4,31.65,5.6,-,-,-,-,-,-,-,-,-,-
OSK,KB56,343222,1352046,FL,1997,10,13,10:20,CL,3106,18,2,U,2,22.2,8.4,8.3,31.24,3,-,-,-,-,-,-,-,-,-,-,B,13,22.5,8.2,7.6,31.61,3.6,-,-,-,-,-,-,-,-,-,-
OSK,KB57,344012,1351532,FL,1997,10,13,8:10,CL,3106,15,1,U,2,20.7,8.4,9.5,28.56,6.6,-,-,-,-,-,-,-,-,-,-,B,12,22.4,8.2,7.8,31.47,10.7,-,-,-,-,-,-,-,-,-,-
OSK,KB58,342342,1345436,FL,1997,10,20,11:20,CL,3703,24,7,U,2,22.8,8.3,6.5,32.13,1.3,-,-,-,-,-,-,-,-,-,-,B,29,22.7,8.2,6.4,32.42,6.8,-,-,-,-,-,-,-,-,-,-
OSK,KB59,341922,1345556,FL,1997,10,20,10:50,CL,3703,24,6,U,2,22.6,8.3,6.8,32.18,1.4,-,-,-,-,-,-,-,-,-,-,B,35,22.9,8.2,6,33.12,6.2,-,-,-,-,-,-,-,-,-,-
HAR,KB17,343642,1345436,FL,1997,10,21,9:10,CL,3703,22,5,U,2,22.3,8.3,6.5,31.44,1.5,-,-,-,-,-,-,-,-,-,-,B,41,22.5,8.2,6.8,31.76,16.7,-,-,-,-,-,-,-,-,-,-
HAR,KB18,343642,1344922,FL,1997,10,21,9:40,CL,3703,22,6,U,2,22.4,8.3,6.8,31.62,1.4,-,-,-,-,-,-,-,-,-,-,B,26,22.5,8.2,7,31.65,2.8,-,-,-,-,-,-,-,-,-,-
HAR,KB19,343222,1344922,FL,1997,10,24,11:00,UC,3702,24,4.5,U,2,22.6,8.3,6.6,31.71,1,-,-,-,-,-,-,-,-,-,-,B,28,22.5,8.2,6.7,31.74,1.6,-,-,-,-,-,-,-,-,-,-
HAR,KB20,344452,1344408,FL,1997,10,24,8:30,UC,3502,20,2,U,2,22.3,8.4,7.4,30.95,4.3,-,-,-,-,-,-,-,-,-,-,B,10,22.6,8.2,5.6,31.4,12.5,-,-,-,-,-,-,-,-,-,-
HAR,KB21,344102,1344408,FL,1997,10,24,8:55,UC,3502,20,4,U,2,22.1,8.4,9,31.06,1.6,-,-,-,-,-,-,-,-,-,-,B,19,22.6,8.2,6.8,31.42,2.6,-,-,-,-,-,-,-,-,-,-
HAR,KB22,343642,1344408,FL,1997,10,21,10:00,CL,3703,23,5,U,2,22.4,8.3,7.3,31.61,1.7,-,-,-,-,-,-,-,-,-,-,B,24,22.4,8.2,7.2,31.68,3.6,-,-,-,-,-,-,-,-,-,-
HAR,KB23,343222,1344408,FL,1997,10,24,10:40,UC,3703,23,7,U,2,22.5,8.3,6.6,31.73,1.1,-,-,-,-,-,-,-,-,-,-,B,26,22.5,8.2,6.5,31.74,2,-,-,-,-,-,-,-,-,-,-
HAR,KB24,342802,1344408,FL,1997,10,28,14:50,CL,3703,19,6,U,2,21.5,8.3,7.2,31.78,1,-,-,-,-,-,-,-,-,-,-,B,28,21.4,8.2,6.8,31.81,0.9,-,-,-,-,-,-,-,-,-,-
HAR,KB25,342342,1344408,FL,1997,10,28,14:20,CL,3703,18,6,U,2,21.4,8.4,7.4,31.82,1.1,-,-,-,-,-,-,-,-,-,-,B,20,20.5,8.2,7,31.82,2.4,-,-,-,-,-,-,-,-,-,-
HAR,KB26,344452,1343854,FL,1997,10,24,8:10,UC,3302,20,2.5,U,2,21.7,8.4,7.7,30.66,4,-,-,-,-,-,-,-,-,-,-,B,11,22.6,8.2,6.1,31.34,9.1,-,-,-,-,-,-,-,-,-,-
HAR,KB27,344102,1343854,FL,1997,10,24,9:20,UC,3703,22,8,U,2,22.4,8.3,7,31.2,0.7,-,-,-,-,-,-,-,-,-,-,B,22,22.7,8.2,6.7,31.63,7.6,-,-,-,-,-,-,-,-,-,-
HAR,KB28,343642,1343854,FL,1997,10,24,9:40,UC,4105,22,10,U,2,22.5,8.3,6.8,31.63,0.5,-,-,-,-,-,-,-,-,-,-,B,31,22.5,8.2,6.9,31.72,3,-,-,-,-,-,-,-,-,-,-
HAR,KB29,343222,1343854,FL,1997,10,24,10:10,UC,3703,23,6.5,U,2,22.4,8.3,6.9,31.71,1.1,-,-,-,-,-,-,-,-,-,-,B,24,22.4,8.2,6.9,31.72,1.5,-,-,-,-,-,-,-,-,-,-
HAR,KB30,342802,1343854,FL,1997,10,28,10:20,CL,3703,17,7,U,2,21.5,8.3,6.8,31.82,1.1,-,-,-,-,-,-,-,-,-,-,B,25,21.5,8.2,6.9,31.82,0.9,-,-,-,-,-,-,-,-,-,-
HAR,KB31,342342,1343854,FL,1997,10,28,10:50,CL,3703,18,7,U,2,21.8,8.3,6.6,31.86,1.4,-,-,-,-,-,-,-,-,-,-,B,29,21.7,8.2,6.7,31.87,0.8,-,-,-,-,-,-,-,-,-,-
HAR,KB32,341922,1343854,FL,1997,10,28,11:10,CL,3703,16,8,U,2,21.7,8.3,6.6,31.91,1.8,-,-,-,-,-,-,-,-,-,-,B,30,21.9,8.2,6.4,32.06,2.4,-,-,-,-,-,-,-,-,-,-
HAR,KB33,344452,1343340,FL,1997,10,23,15:10,CL,3703,25,3,U,2,21.9,8.4,7.2,30.84,1.5,-,-,-,-,-,-,-,-,-,-,B,12,22.6,8.2,5.8,31.37,4,-,-,-,-,-,-,-,-,-,-
HAR,KB34,344102,1343340,FL,1997,10,23,14:40,CL,3703,25,6.5,U,2,22.6,8.3,7.8,31.3,0.9,-,-,-,-,-,-,-,-,-,-,B,25,22.6,8.2,6.9,31.49,1.4,-,-,-,-,-,-,-,-,-,-
HAR,KB35,343642,1343340,FL,1997,10,23,9:55,UC,3703,22,7,U,2,22.7,8.3,6.8,31.66,0.7,-,-,-,-,-,-,-,-,-,-,B,35,22.8,8.2,6.6,31.8,2.1,-,-,-,-,-,-,-,-,-,-
HAR,KB36,343222,1343340,FL,1997,10,23,9:30,UC,4105,22,9,U,2,22.8,8.3,6.8,31.74,0.5,-,-,-,-,-,-,-,-,-,-,B,36,22.9,8.2,6.4,31.89,2,-,-,-,-,-,-,-,-,-,-
HAR,KB37,342802,1343340,FL,1997,10,22,10:30,CL,3703,22,6,U,2,22.8,8.3,7.7,31.78,1,-,-,-,-,-,-,-,-,-,-,B,35,22.7,8.2,6.9,31.88,2.2,-,-,-,-,-,-,-,-,-,-
HAR,KB38,342342,1343340,FL,1997,10,22,11:05,CL,3703,22,8,U,2,22.8,8.3,6.6,31.8,0.7,-,-,-,-,-,-,-,-,-,-,B,37,22.8,8.2,6.8,31.87,6.1,-,-,-,-,-,-,-,-,-,-
HAR,KB39,341922,1343340,FL,1997,10,22,11:30,CL,3703,22,6,U,2,22.8,8.3,7.1,31.57,1.2,-,-,-,-,-,-,-,-,-,-,B,30.3,22.6,8.2,7,31.79,1.9,-,-,-,-,-,-,-,-,-,-
HAR,KB40,341502,1343340,FL,1997,10,22,11:50,CL,2306,23,4,U,2,-,-,-,-,2.8,-,-,-,-,-,-,-,-,-,-,B,25,-,-,-,-,2.1,-,-,-,-,-,-,-,-,-,-
HAR,KB41,344422,1342826,FL,1997,10,23,15:30,CL,3505,24,3.5,U,2,21.2,8.4,7.1,30.59,2.5,-,-,-,-,-,-,-,-,-,-,B,8,21,8.2,6.6,30.58,5.9,-,-,-,-,-,-,-,-,-,-
HAR,KB42,344102,1342826,FL,1997,10,23,14:10,CL,3510,24,4,U,2,22.5,8.3,7.4,31.13,1.4,-,-,-,-,-,-,-,-,-,-,B,26,22.8,8.2,6.4,31.51,2,-,-,-,-,-,-,-,-,-,-
HAR,KB43,343712,1342826,FL,1997,10,23,10:30,UC,3703,22,6,U,2,22.7,8.3,6.4,31.48,0.9,-,-,-,-,-,-,-,-,-,-,B,33,22.9,8.2,6.3,31.71,3.3,-,-,-,-,-,-,-,-,-,-
HAR,KB44,343222,1342826,FL,1997,10,23,9:00,UC,3703,23,7,U,2,22.8,8.3,7,31.72,1,-,-,-,-,-,-,-,-,-,-,B,36,22.9,8.2,6.2,31.89,1.6,-,-,-,-,-,-,-,-,-,-
HAR,KB45,342802,1342826,FL,1997,10,22,15:50,CL,3703,25,5,U,2,22.7,8.3,6.8,31.4,0.9,-,-,-,-,-,-,-,-,-,-,B,37,22.8,8.2,6.4,31.89,2.8,-,-,-,-,-,-,-,-,-,-
HAR,KB46,342342,1342826,FL,1997,10,22,15:20,CL,2306,25,4.5,U,2,23.3,8.3,8.4,31.76,4.8,-,-,-,-,-,-,-,-,-,-,B,35,22.7,8.2,6.7,31.91,2.7,-,-,-,-,-,-,-,-,-,-
HAR,KB47,341922,1342826,FL,1997,10,22,14:20,CL,3703,25,6,U,2,23.2,8.3,7.6,31.83,0.9,-,-,-,-,-,-,-,-,-,-,B,32,22.8,8.2,6.6,31.91,2.1,-,-,-,-,-,-,-,-,-,-
HAR,KB48,341502,1342826,FL,1997,10,22,13:20,CL,3304,24,5,U,2,22.9,8.3,7.3,31.43,1.3,-,-,-,-,-,-,-,-,-,-,B,31,22.9,8.2,6.3,31.72,2.6,-,-,-,-,-,-,-,-,-,-
HAR,KB49,344102,1342312,FL,1997,10,23,11:20,CL,3505,23,4,U,2,22,8.3,6.2,30.89,2.6,-,-,-,-,-,-,-,-,-,-,B,10,21.9,8.2,6.2,30.88,4.4,-,-,-,-,-,-,-,-,-,-
HAR,KB50,343642,1342312,FL,1997,10,23,11:00,CL,3703,22,6,U,2,22.5,8.3,7.6,31.13,0.7,-,-,-,-,-,-,-,-,-,-,B,30,22.6,8.2,6.6,31.31,8.3,-,-,-,-,-,-,-,-,-,-
HAR,KB51,343222,1342312,FL,1997,10,23,8:30,UC,3703,22,7,U,2,22.7,8.3,6.8,31.37,1,-,-,-,-,-,-,-,-,-,-,B,26,22.8,8.2,6.8,31.5,1.3,-,-,-,-,-,-,-,-,-,-
HAR,KB52,342802,1342312,FL,1997,10,22,16:20,CL,3703,25,4,U,2,23,8.3,8.1,31.44,1.4,-,-,-,-,-,-,-,-,-,-,B,30,23,8.2,5.9,31.86,2.3,-,-,-,-,-,-,-,-,-,-
HAR,KB60,344102,1344922,FL,1997,10,21,10:30,CL,3302,23,4,U,2,22.2,8.3,6.4,31.19,3.9,-,-,-,-,-,-,-,-,-,-,B,14,22.2,8.2,6.6,31.19,5.5,-,-,-,-,-,-,-,-,-,-
BS1,SD01,342445,1332539,FL,1997,10,27,13:59,UC,3106,15.7,3.3,U,2,20,8,6.3,31.2,5.9,-,-,-,-,-,-,-,-,-,-,B,5,20.8,7.9,6.3,31.89,4.5,-,-,-,-,-,-,-,-,-,-
BS1,SD02,342552,1332951,FL,1997,10,27,12:03,UC,3106,15.8,3.8,U,2,20.8,8,6,31.76,4,-,-,-,-,-,-,-,-,-,-,B,13,20.9,7.9,6.1,31.79,3.9,-,-,-,-,-,-,-,-,-,-
BS1,SD04,342552,1333505,FL,1997,10,27,11:21,UC,3505,15.3,3.8,U,2,21.1,8,5.7,31.85,3.1,-,-,-,-,-,-,-,-,-,-,B,9,21.1,7.9,5.8,31.86,3.4,-,-,-,-,-,-,-,-,-,-
BS1,SD07,343012,1333955,FL,1997,10,27,10:35,UC,3106,14.6,1.5,U,2,19.5,-,5.1,-,13,-,-,-,-,-,-,-,-,-,-,B,4,19.5,-,5.1,-,13.2,-,-,-,-,-,-,-,-,-,-
BS1,SD08,342552,1334019,FL,1997,10,27,9:58,CL,3304,14.1,3.9,U,2,20.8,7.9,5.9,31.74,3.4,-,-,-,-,-,-,-,-,-,-,B,4,20.8,-,5.9,31.75,3.4,-,-,-,-,-,-,-,-,-,-
BS1,SD11,342552,1334532,FL,1997,10,27,9:13,CL,3304,17.2,5.2,U,2,-,-,-,-,2.7,-,-,-,-,-,-,-,-,-,-,B,9,-,-,-,-,3.9,-,-,-,-,-,-,-,-,-,-
BS2,SD18,343432,1340628,FL,1997,11,4,15:52,CL,3304,19.1,2.4,U,2,19.1,8,5.5,31.53,7.9,-,-,-,-,-,-,-,-,-,-,B,18,19,8,6.6,31.53,-,-,-,-,-,-,-,-,-,-,-
BS2,SD21,343852,1341142,FL,1997,11,4,14:36,CL,3304,16.3,3,U,2,17.7,7.9,5.9,31.46,9.6,-,-,-,-,-,-,-,-,-,-,B,4,17.5,7.8,6.6,31.42,14.1,-,-,-,-,-,-,-,-,-,-
BS2,SD22,343432,1341142,FL,1997,11,4,15:15,CL,3505,17,4.2,U,2,19.7,8,5.8,31.59,4,-,-,-,-,-,-,-,-,-,-,B,19,19.3,7.9,7.3,31.61,-,-,-,-,-,-,-,-,-,-,-
BS2,SD23,342552,1341142,FL,1997,11,4,10:26,CL,3304,12.6,5.1,U,2,19.6,8,5.4,31.8,5,-,-,-,-,-,-,-,-,-,-,B,16,19.6,7.9,5.5,31.8,7.9,-,-,-,-,-,-,-,-,-,-
BS2,SD24,343852,1341656,FL,1997,11,4,14:04,CL,3304,15.1,3.5,U,2,19.3,8,6.2,31.49,4.8,-,-,-,-,-,-,-,-,-,-,B,8,18.5,7.9,5.9,31.45,9.2,-,-,-,-,-,-,-,-,-,-
BS2,SD25,343432,1341656,FL,1997,11,4,13:32,CL,3505,16.3,5.2,U,2,20.4,8,5.7,-,2.1,-,-,-,-,-,-,-,-,-,-,B,25,20,7.9,5.5,-,5.5,-,-,-,-,-,-,-,-,-,-
BS1,SD48,341712,1331923,FL,1997,10,27,14:58,CL,3703,15.3,4.3,U,2,21.3,8,6.3,32.1,2.2,-,-,-,-,-,-,-,-,-,-,B,15,21.4,7.9,5.5,32.32,4.4,-,-,-,-,-,-,-,-,-,-
HIU,SD54,341312,1332437,FL,1997,10,28,11:01,CL,3505,14.8,3.9,U,2,21.7,8,5.7,32.48,3.9,-,-,-,-,-,-,-,-,-,-,B,17,21.5,7.8,5.9,32.49,4.9,-,-,-,-,-,-,-,-,-,-
HIU,SD55,340852,1332437,FL,1997,10,28,11:34,CL,3505,16.4,6.8,U,2,21.4,7.9,6,32.37,2,-,-,-,-,-,-,-,-,-,-,B,13,21.4,7.7,6.1,32.42,2.3,-,-,-,-,-,-,-,-,-,-
HIU,SD58,341312,1332951,FL,1997,10,28,10:26,CL,3805,14.1,8.6,U,2,21.2,8,5.8,32.3,1.5,-,-,-,-,-,-,-,-,-,-,B,19,21.3,7.8,5.9,32.45,2.4,-,-,-,-,-,-,-,-,-,-
HIU,SD59,340852,1332951,FL,1997,10,28,13:35,CL,3703,18.2,7.2,U,2,21.2,8.1,5.9,32.32,1.6,-,-,-,-,-,-,-,-,-,-,B,16,21.2,7.9,6,32.37,2.7,-,-,-,-,-,-,-,-,-,-
HIU,SD62,341312,1333505,FL,1997,10,28,15:28,CL,3703,15.9,8.5,U,2,21.4,8.1,5.9,31.9,1.6,-,-,-,-,-,-,-,-,-,-,B,14,21.2,8,5.7,31.94,1.8,-,-,-,-,-,-,-,-,-,-
HIU,SD63,340852,1333505,FL,1997,10,28,14:52,CL,3703,16.1,7.6,U,2,21.4,8.1,5.8,31.83,1.6,-,-,-,-,-,-,-,-,-,-,B,20,21.6,7.9,5.8,32.26,1.7,-,-,-,-,-,-,-,-,-,-
HIU,SD64,340432,1333505,FL,1997,10,28,14:19,CL,3505,18.2,6.9,U,2,21.3,8.1,5.7,31.74,1.6,-,-,-,-,-,-,-,-,-,-,B,18,21.2,8,6.8,31.81,2,-,-,-,-,-,-,-,-,-,-
HIU,MY40,340432,1330341,FL,1997,10,29,8:45,CL,3304,18,4.5,U,2,22,7.9,5.9,32.7,-,-,-,-,-,-,-,-,-,-,-,B,33,22,7.8,8.5,32.7,-,-,-,-,-,-,-,-,-,-,-
HIU,MY41,340852,1330855,FL,1997,10,29,12:40,CL,3505,19,4,U,2,21.6,8,5.2,32.45,-,-,-,-,-,-,-,-,-,-,-,B,20,21.6,8,5.4,32.48,-,-,-,-,-,-,-,-,-,-,-
HIU,MY42,340432,1330855,FL,1997,10,29,9:37,CL,3304,19,6.5,U,2,21.7,7.9,5.5,32.56,-,-,-,-,-,-,-,-,-,-,-,B,34,21.7,7.8,10.1,32.54,-,-,-,-,-,-,-,-,-,-,-
HIU,MY43,340012,1330855,FL,1997,10,28,9:25,CL,3304,16,6,U,2,21.4,7.9,6.4,-,-,-,-,-,-,-,-,-,-,-,-,B,12,21.4,7.7,8.5,-,-,-,-,-,-,-,-,-,-,-,-
HIU,MY45,340852,1331409,FL,1997,10,29,12:07,UC,3505,18,4,U,2,21.6,8,5.6,32.54,-,-,-,-,-,-,-,-,-,-,-,B,22,21.6,7.9,6.3,32.52,-,-,-,-,-,-,-,-,-,-,-
HIU,MY46,340432,1331409,FL,1997,10,29,10:15,UC,3505,19,6,U,2,21.5,7.9,6,32.33,-,-,-,-,-,-,-,-,-,-,-,B,29,21.5,7.9,8.5,32.32,-,-,-,-,-,-,-,-,-,-,-
HIU,MY47,340012,1331409,FL,1997,10,28,10:05,CL,3106,16,4.5,U,2,20.9,8,6.6,32.13,-,-,-,-,-,-,-,-,-,-,-,B,16,21.2,7.9,8.2,32.36,-,-,-,-,-,-,-,-,-,-,-
HIU,MY50,340852,1331923,FL,1997,10,29,11:25,CL,3304,18,6.5,U,2,21.2,7.9,5.8,32.49,-,-,-,-,-,-,-,-,-,-,-,B,18,21.2,7.9,7.4,32.49,-,-,-,-,-,-,-,-,-,-,-
HIU,MY51,340432,1331923,FL,1997,10,29,10:45,UC,3505,18,5,U,2,21.2,8,5.9,32.24,-,-,-,-,-,-,-,-,-,-,-,B,21,21.2,7.9,6.4,32.23,-,-,-,-,-,-,-,-,-,-,-
HIU,MY52,340022,1331923,FL,1997,10,28,10:40,CL,3304,16,5,U,2,21,7.9,6.3,31.96,-,-,-,-,-,-,-,-,-,-,-,B,16,21.1,7.8,6.3,32.03,-,-,-,-,-,-,-,-,-,-,-
HIU,MY56,340432,1332437,FL,1997,10,28,12:55,CL,3805,19,8,U,2,21.5,7.9,7.1,32.2,-,-,-,-,-,-,-,-,-,-,-,B,18,21.3,7.8,10.8,32.26,-,-,-,-,-,-,-,-,-,-,-
HIU,MY57,340012,1332437,FL,1997,10,28,11:10,CL,3505,15,6,U,2,21.1,7.9,6,32.08,-,-,-,-,-,-,-,-,-,-,-,B,14,20.9,7.8,7,32.07,-,-,-,-,-,-,-,-,-,-,-
HIU,MY60,340432,1332951,FL,1997,10,28,12:23,CL,3505,17,7.5,U,2,21.3,7.9,6,32.11,-,-,-,-,-,-,-,-,-,-,-,B,18,21.3,7.8,8.5,32.25,-,-,-,-,-,-,-,-,-,-,-
HIU,MY61,340012,1332951,FL,1997,10,28,11:47,CL,3805,15,6.5,U,2,21.1,7.9,6.4,31.73,-,-,-,-,-,-,-,-,-,-,-,B,16,21.1,7.8,7.3,31.79,-,-,-,-,-,-,-,-,-,-,-
AKI,HS12,341312,1323639,FL,1997,10,14,9:00,UC,3302,21,2.6,U,2,22.9,7.9,6.8,32.15,6.1,-,-,-,-,-,-,-,-,-,-,B,5.7,22.9,7.8,6.9,32.23,7.2,-,-,-,-,-,-,-,-,-,-
AKI,HS13,340852,1323341,FL,1997,10,14,10:50,UC,3502,22.5,3.6,U,2,22.5,8,6.8,32.27,3.7,-,-,-,-,-,-,-,-,-,-,B,11.8,22.5,7.8,6.7,32.31,4.6,-,-,-,-,-,-,-,-,-,-
AKI,HS21,341312,1324923,FL,1997,10,14,13:20,UC,3802,22,4.4,U,2,23.1,8,6.3,32.52,3.4,-,-,-,-,-,-,-,-,-,-,B,17.6,23.1,7.9,6.2,32.52,3.7,-,-,-,-,-,-,-,-,-,-
AKI,HS22,341832,1325437,FL,1997,10,14,10:47,UC,3502,23,4.2,U,2,23.1,8,6.3,32.38,4.3,-,-,-,-,-,-,-,-,-,-,B,35.2,23.1,7.9,6.2,32.39,-,-,-,-,-,-,-,-,-,-,-
AKI,HS33,340012,1324409,FL,1997,10,27,11:30,CL,3505,15,9,U,2,22.2,7.9,5.5,32.83,-,-,-,-,-,-,-,-,-,-,-,B,39,22.2,7.9,8.5,32.83,-,-,-,-,-,-,-,-,-,-,-
HRS,HS01,341312,1321759,FL,1997,10,16,11:51,CL,3505,20,6.7,U,2,22.5,8.1,5.9,31.98,1.5,-,-,-,-,-,-,-,-,-,-,B,19.5,22.5,8,5.7,32.08,1.8,-,-,-,-,-,-,-,-,-,-
HRS,HS02,340852,1321759,FL,1997,10,16,10:25,CL,3505,20.5,7.3,U,2,22.5,8.1,5.6,32.22,1.3,-,-,-,-,-,-,-,-,-,-,B,28.4,22.6,8,5.8,32.24,1.3,-,-,-,-,-,-,-,-,-,-
HRS,HS03,340432,1321759,FL,1997,10,15,10:15,CL,3502,20.5,7.7,U,2,22.6,7.9,5.8,32.01,0.9,-,-,-,-,-,-,-,-,-,-,B,22.5,22.5,-,5.8,32.01,1.5,-,-,-,-,-,-,-,-,-,-
HRS,HS04,341732,1322313,FL,1997,10,16,13:48,CL,3510,23,4.6,U,2,22.6,8,6,31.52,1.8,-,-,-,-,-,-,-,-,-,-,B,21.2,22.6,-,5.6,32.13,5.6,-,-,-,-,-,-,-,-,-,-
HRS,HS05,341312,1322313,FL,1997,10,16,11:15,CL,3805,22,7.4,U,2,22.7,8.1,5.7,32.33,1.3,-,-,-,-,-,-,-,-,-,-,B,31.1,22.5,8,5.6,32.35,2.2,-,-,-,-,-,-,-,-,-,-
HRS,HS06,340852,1322313,FL,1997,10,16,9:49,CL,3502,20,6.2,U,2,22.6,8.1,5.4,32.48,2.4,-,-,-,-,-,-,-,-,-,-,B,35.1,22.7,8,5.7,32.5,3.3,-,-,-,-,-,-,-,-,-,-
HRS,HS07,340432,1322313,FL,1997,10,15,9:30,CL,3502,20,7.3,U,2,22.8,7.9,6.1,32.43,1.6,-,-,-,-,-,-,-,-,-,-,B,19.1,22.8,7.9,6.2,32.47,2.9,-,-,-,-,-,-,-,-,-,-
HRS,HS08,341732,1322827,FL,1997,10,16,15:05,CL,3805,26,7.8,U,2,22.8,8,5.7,31.91,1.4,-,-,-,-,-,-,-,-,-,-,B,12.4,22.6,7.9,5.4,31.95,1.9,-,-,-,-,-,-,-,-,-,-
HRS,HS09,341312,1322959,FL,1997,10,16,8:29,CL,3805,22,5.7,U,2,22.5,8,5.4,31.75,2,-,-,-,-,-,-,-,-,-,-,B,19.1,22.5,7.9,5.4,31.74,3.5,-,-,-,-,-,-,-,-,-,-
HRS,HS10,340432,1322827,FL,1997,10,15,14:40,CL,3302,22,5.6,U,2,22.8,8,5.6,32.57,2.5,-,-,-,-,-,-,-,-,-,-,B,22.3,22.8,8,5.6,32.56,3,-,-,-,-,-,-,-,-,-,-
HRS,HS11,340012,1322827,FL,1997,10,15,13:55,CL,3702,22,9.2,U,2,22.9,8.1,5.8,32.49,1.3,-,-,-,-,-,-,-,-,-,-,B,38.9,22.9,7.9,5.6,32.6,-,-,-,-,-,-,-,-,-,-,-
HRS,HS24,340432,1321245,FL,1997,10,15,10:50,CL,3502,20.5,6.4,U,2,22.3,8,5.7,31.88,1.9,-,-,-,-,-,-,-,-,-,-,B,4.7,22.2,7.9,5.9,31.91,2.8,-,-,-,-,-,-,-,-,-,-
HRS,HS25,340012,1321759,FL,1997,10,15,11:35,CL,3702,21.5,8.7,U,2,22.6,8,6,32.01,0.8,-,-,-,-,-,-,-,-,-,-,B,21.1,22.4,7.9,5.7,32.21,2.5,-,-,-,-,-,-,-,-,-,-
HRS,HS26,340012,1322313,FL,1997,10,15,13:20,CL,3702,21.5,9.1,U,2,22.8,8,5.7,32.35,0.9,-,-,-,-,-,-,-,-,-,-,B,24.9,22.8,8,5.6,32.42,1.5,-,-,-,-,-,-,-,-,-,-
IY1,MY12,333832,1321245,FL,1997,10,16,11:55,CL,3805,25,9.5,U,2,22.6,8,6.2,33.16,-,-,-,-,-,-,-,-,-,-,-,B,50,22.6,8,6.8,33.16,-,-,-,-,-,-,-,-,-,-,-
IY2,MY24,334712,1323855,FL,1997,10,16,15:00,UC,3304,20,4,U,2,22.7,8,5.9,32.83,-,-,-,-,-,-,-,-,-,-,-,B,14,22.7,7.9,8.7,32.82,-,-,-,-,-,-,-,-,-,-,-
IY2,MY26,335132,1323341,FL,1997,10,16,9:30,CL,3805,22,7,U,2,22.8,8,5.8,32.82,-,-,-,-,-,-,-,-,-,-,-,B,50,22.7,7.9,8.1,32.92,-,-,-,-,-,-,-,-,-,-,-
